,Domain,Phylum,Class,Order,Family,Genus,Species
TAX_1,Archaea,Thermoplasmatota,Poseidoniia_A,Poseidoniales,Poseidoniaceae,MGIIa-K1,MGIIa-K1 sp009936765
TAX_2,Archaea,Thermoplasmatota,Poseidoniia_A,Poseidoniales,Poseidoniaceae,MGIIa-L1,MGIIa-L1 sp000246735
TAX_3,Archaea,Thermoplasmatota,Poseidoniia_A,Poseidoniales,Poseidoniaceae,MGIIa-L1,MGIIa-L1 sp002172355
TAX_4,Archaea,Thermoplasmatota,Poseidoniia_A,Poseidoniales,Poseidoniaceae,MGIIa-L1,MGIIa-L1 sp002495535
TAX_5,Archaea,Thermoplasmatota,Poseidoniia_A,Poseidoniales,Poseidoniaceae,MGIIa-L1,MGIIa-L1 sp002502605
TAX_6,Archaea,Thermoplasmatota,Poseidoniia_A,Poseidoniales,Poseidoniaceae,MGIIa-L1,MGIIa-L1 sp002506275
TAX_7,Archaea,Thermoplasmatota,Poseidoniia_A,Poseidoniales,Poseidoniaceae,MGIIa-L1,MGIIa-L1 sp002688825
TAX_8,Archaea,Thermoplasmatota,Poseidoniia_A,Poseidoniales,Poseidoniaceae,MGIIa-L1,MGIIa-L1 sp002726395
TAX_9,Archaea,Thermoplasmatota,Poseidoniia_A,Poseidoniales,Poseidoniaceae,MGIIa-L1,MGIIa-L1 sp003602605
TAX_10,Archaea,Thermoplasmatota,Poseidoniia_A,Poseidoniales,Poseidoniaceae,MGIIa-L1,MGIIa-L1 sp003602645
TAX_11,Archaea,Thermoplasmatota,Poseidoniia_A,Poseidoniales,Poseidoniaceae,MGIIa-L1,MGIIa-L1 sp009887095
TAX_12,Archaea,Thermoplasmatota,Poseidoniia_A,Poseidoniales,Poseidoniaceae,MGIIa-L1,MGIIa-L1 sp009887195
TAX_13,Archaea,Thermoplasmatota,Poseidoniia_A,Poseidoniales,Poseidoniaceae,MGIIa-L1,MGIIa-L1 sp009937025
TAX_14,Archaea,Thermoplasmatota,Poseidoniia_A,Poseidoniales,Poseidoniaceae,MGIIa-L2,MGIIa-L2 sp003602665
TAX_15,Archaea,Thermoplasmatota,Poseidoniia_A,Poseidoniales,Poseidoniaceae,MGIIa-L2,MGIIa-L2 sp009887135
TAX_16,Archaea,Thermoplasmatota,Poseidoniia_A,Poseidoniales,Poseidoniaceae,Poseidonia,Poseidonia sp002726495
TAX_17,Archaea,Thermoplasmatota,Poseidoniia_A,Poseidoniales,Thalassarchaeaceae,MGIIb-N1,MGIIb-N1 sp002497295
TAX_18,Archaea,Thermoplasmatota,Poseidoniia_A,Poseidoniales,Thalassarchaeaceae,MGIIb-O1,MGIIb-O1 sp002497895
TAX_19,Archaea,Thermoplasmatota,Poseidoniia_A,Poseidoniales,Thalassarchaeaceae,MGIIb-O2,MGIIb-O2 sp002494975
TAX_20,Archaea,Thermoplasmatota,Poseidoniia_A,Poseidoniales,Thalassarchaeaceae,MGIIb-O2,MGIIb-O2 sp002498985
TAX_21,Archaea,Thermoplasmatota,Poseidoniia_A,Poseidoniales,Thalassarchaeaceae,MGIIb-O2,MGIIb-O2 sp002685315
TAX_22,Archaea,Thermoplasmatota,Poseidoniia_A,Poseidoniales,Thalassarchaeaceae,MGIIb-O2,MGIIb-O2 sp002730775
TAX_23,Archaea,Thermoplasmatota,Poseidoniia_A,Poseidoniales,Thalassarchaeaceae,MGIIb-O2,MGIIb-O2 sp902511005
TAX_24,Archaea,Thermoplasmatota,Poseidoniia_A,Poseidoniales,Thalassarchaeaceae,MGIIb-O2,MGIIb-O2 sp902514485
TAX_25,Archaea,Thermoplasmatota,Poseidoniia_A,Poseidoniales,Thalassarchaeaceae,MGIIb-O3,MGIIb-O3 sp002503285
TAX_26,Archaea,Thermoplasmatota,Poseidoniia_A,Poseidoniales,Thalassarchaeaceae,MGIIb-O3,MGIIb-O3 sp002683155
TAX_27,Archaea,Thermoplasmatota,Poseidoniia_A,Poseidoniales,Thalassarchaeaceae,MGIIb-O3,MGIIb-O3 sp002731195
TAX_28,Archaea,Thermoplasmatota,Poseidoniia_A,Poseidoniales,Thalassarchaeaceae,MGIIb-O5,MGIIb-O5 sp002499345
TAX_29,Archaea,Thermoplasmatota,Poseidoniia_B,MGIII,CG-Epi1,CG-Epi1,CG-Epi1 sp002497685
TAX_30,Archaea,Thermoproteota,Nitrososphaeria,Nitrososphaerales,Nitrosopumilaceae,Nitrosopelagicus,Nitrosopelagicus brevis
TAX_31,Archaea,Thermoproteota,Nitrososphaeria,Nitrososphaerales,Nitrosopumilaceae,Nitrosopelagicus,Nitrosopelagicus sp902512865
TAX_32,Archaea,Thermoproteota,Nitrososphaeria,Nitrososphaerales,Nitrosopumilaceae,Nitrosopumilus,Nitrosopumilus catalinensis
TAX_33,Archaea,Thermoproteota,Nitrososphaeria,Nitrososphaerales,Nitrosopumilaceae,Nitrosopumilus,Nitrosopumilus sp002690535
TAX_34,Archaea,Thermoproteota,Nitrososphaeria,Nitrososphaerales,Nitrosopumilaceae,Nitrosopumilus,Nitrosopumilus sp902514095
TAX_35,Archaea,Thermoproteota,Nitrososphaeria,Nitrososphaerales,Nitrosopumilaceae,Nitrosopumilus,Nitrosopumilus sp902514275
TAX_36,Bacteria,Acidobacteriota,Vicinamibacteria,Vicinamibacterales,UBA8438,DTWD01,DTWD01 sp012963185
TAX_37,Bacteria,Actinobacteriota,Acidimicrobiia,Acidimicrobiales,Ilumatobacteraceae,Casp-actino5,Casp-actino5 sp002501485
TAX_38,Bacteria,Actinobacteriota,Acidimicrobiia,Acidimicrobiales,Ilumatobacteraceae,Casp-actino5,Casp-actino5 sp012269985
TAX_39,Bacteria,Actinobacteriota,Acidimicrobiia,Acidimicrobiales,Ilumatobacteraceae,Ilumatobacter_A,Ilumatobacter_A sp002711735
TAX_40,Bacteria,Actinobacteriota,Acidimicrobiia,Acidimicrobiales,MedAcidi-G1,MedAcidi-G1,MedAcidi-G1 sp000817085
TAX_41,Bacteria,Actinobacteriota,Acidimicrobiia,Acidimicrobiales,MedAcidi-G1,MedAcidi-G1,MedAcidi-G1 sp002729765
TAX_42,Bacteria,Actinobacteriota,Acidimicrobiia,Acidimicrobiales,MedAcidi-G1,MedAcidi-G2B,MedAcidi-G2B sp000817115
TAX_43,Bacteria,Actinobacteriota,Acidimicrobiia,Acidimicrobiales,MedAcidi-G1,MedAcidi-G2B,MedAcidi-G2B sp902634555
TAX_44,Bacteria,Actinobacteriota,Acidimicrobiia,Acidimicrobiales,MedAcidi-G1,UBA9410,UBA9410 sp003541675
TAX_45,Bacteria,Actinobacteriota,Acidimicrobiia,Acidimicrobiales,MedAcidi-G1,UBA9410,UBA9410 sp014237715
TAX_46,Bacteria,Actinobacteriota,Acidimicrobiia,Acidimicrobiales,TK06,MedAcidi-G3,MedAcidi-G3 sp000817105
TAX_47,Bacteria,Actinobacteriota,Acidimicrobiia,Acidimicrobiales,TK06,MedAcidi-G3,MedAcidi-G3 sp002722565
TAX_48,Bacteria,Actinobacteriota,Acidimicrobiia,Acidimicrobiales,TK06,UBA2110,UBA2110 sp014239555
TAX_49,Bacteria,Actinobacteriota,Acidimicrobiia,Acidimicrobiales,TK06,UBA9040,UBA9040 sp002731665
TAX_50,Bacteria,Actinobacteriota,Acidimicrobiia,Acidimicrobiales,TK06,UBA9040,UBA9040 sp003452475
TAX_51,Bacteria,Actinobacteriota,Acidimicrobiia,Acidimicrobiales,UBA10347,UBA10347,UBA10347 sp003485885
TAX_52,Bacteria,Actinobacteriota,Acidimicrobiia,Acidimicrobiales,UBA11606,UBA11606,UBA11606 sp002729125
TAX_53,Bacteria,Actinobacteriota,Acidimicrobiia,Acidimicrobiales,UBA11606,UBA11606,UBA11606 sp009937405
TAX_54,Bacteria,Actinobacteriota,Acidimicrobiia,Acidimicrobiales,UBA8592,MedAcidi-G2A,MedAcidi-G2A sp002171605
TAX_55,Bacteria,Actinobacteriota,Acidimicrobiia,Acidimicrobiales,UBA8592,MedAcidi-G2A,MedAcidi-G2A sp002341185
TAX_56,Bacteria,Actinobacteriota,Acidimicrobiia,Acidimicrobiales,UBA8592,MedAcidi-G2A,MedAcidi-G2A sp002709645
TAX_57,Bacteria,Actinobacteriota,Acidimicrobiia,Acidimicrobiales,UBA8592,UBA8592,UBA8592 sp002703045
TAX_58,Bacteria,Actinobacteriota,Acidimicrobiia,Actinomarinales,Actinomarinaceae,Actinomarina,Actinomarina sp002169115
TAX_59,Bacteria,Actinobacteriota,Acidimicrobiia,Actinomarinales,Actinomarinaceae,Actinomarina,Actinomarina sp002308095
TAX_60,Bacteria,Actinobacteriota,Acidimicrobiia,Actinomarinales,Actinomarinaceae,Actinomarina,Actinomarina sp002683085
TAX_61,Bacteria,Actinobacteriota,Acidimicrobiia,Actinomarinales,Actinomarinaceae,Actinomarina,Actinomarina sp014239265
TAX_62,Bacteria,Actinobacteriota,Actinomycetia,Nanopelagicales,GCA-2699445,GCA-2699445,GCA-2699445 sp002699445
TAX_63,Bacteria,Actinobacteriota,Actinomycetia,Nanopelagicales,S36-B12,S36-B12,S36-B12 sp002729215
TAX_64,Bacteria,Actinobacteriota,Actinomycetia,Nanopelagicales,S36-B12,S36-B12,S36-B12 sp012103605
TAX_65,Bacteria,Actinobacteriota,Actinomycetia,Propionibacteriales,Propionibacteriaceae,Cutibacterium,Cutibacterium acnes
TAX_66,Bacteria,Bacteroidota,Bacteroidia,Bacteroidales,F082,GCA-002708315,GCA-002708315 sp002708315
TAX_67,Bacteria,Bacteroidota,Bacteroidia,Chitinophagales,Saprospiraceae,UBA1994,UBA1994 sp002335865
TAX_68,Bacteria,Bacteroidota,Bacteroidia,Cytophagales,Cyclobacteriaceae,UBA4465,UBA4465 sp002292365
TAX_69,Bacteria,Bacteroidota,Bacteroidia,Cytophagales,Cyclobacteriaceae,UBA4465,UBA4465 sp002470835
TAX_70,Bacteria,Bacteroidota,Bacteroidia,Cytophagales,Cyclobacteriaceae,UBA4465,UBA4465 sp002691385
TAX_71,Bacteria,Bacteroidota,Bacteroidia,Cytophagales,Marinoscillaceae,MED-G16,MED-G16 sp002696995
TAX_72,Bacteria,Bacteroidota,Bacteroidia,Flavobacteriales,BACL11,BACL11,BACL11 sp002730985
TAX_73,Bacteria,Bacteroidota,Bacteroidia,Flavobacteriales,BACL11,GCA-002697625,GCA-002697625 sp002710495
TAX_74,Bacteria,Bacteroidota,Bacteroidia,Flavobacteriales,BACL11,GCA-002697625,GCA-002697625 sp902514225
TAX_75,Bacteria,Bacteroidota,Bacteroidia,Flavobacteriales,BACL11,GCA-002715885,GCA-002715885 sp002689735
TAX_76,Bacteria,Bacteroidota,Bacteroidia,Flavobacteriales,BACL11,GCA-2683775,GCA-2683775 sp002683775
TAX_77,Bacteria,Bacteroidota,Bacteroidia,Flavobacteriales,Crocinitomicaceae,UBA952,UBA952 sp002167775
TAX_78,Bacteria,Bacteroidota,Bacteroidia,Flavobacteriales,Crocinitomicaceae,UBA952,UBA952 sp002480215
TAX_79,Bacteria,Bacteroidota,Bacteroidia,Flavobacteriales,Crocinitomicaceae,UBA952,UBA952 sp002683585
TAX_80,Bacteria,Bacteroidota,Bacteroidia,Flavobacteriales,Crocinitomicaceae,UBA952,UBA952 sp002696025
TAX_81,Bacteria,Bacteroidota,Bacteroidia,Flavobacteriales,Flavobacteriaceae,Flavicella,Flavicella sp002477565
TAX_82,Bacteria,Bacteroidota,Bacteroidia,Flavobacteriales,Flavobacteriaceae,GCA-002723295,GCA-002723295 sp002690805
TAX_83,Bacteria,Bacteroidota,Bacteroidia,Flavobacteriales,Flavobacteriaceae,GCA-002728855,GCA-002728855 sp002702405
TAX_84,Bacteria,Bacteroidota,Bacteroidia,Flavobacteriales,Flavobacteriaceae,GCA-002733185,GCA-002733185 sp002713705
TAX_85,Bacteria,Bacteroidota,Bacteroidia,Flavobacteriales,Flavobacteriaceae,GCA-002733185,GCA-002733185 sp004213605
TAX_86,Bacteria,Bacteroidota,Bacteroidia,Flavobacteriales,Flavobacteriaceae,GCA-002733185,GCA-002733185 sp004214175
TAX_87,Bacteria,Bacteroidota,Bacteroidia,Flavobacteriales,Flavobacteriaceae,GCA-2700405,GCA-2700405 sp002700405
TAX_88,Bacteria,Bacteroidota,Bacteroidia,Flavobacteriales,Flavobacteriaceae,GCA-2700405,GCA-2700405 sp004213965
TAX_89,Bacteria,Bacteroidota,Bacteroidia,Flavobacteriales,Flavobacteriaceae,GCA-2700405,GCA-2700405 sp014239895
TAX_90,Bacteria,Bacteroidota,Bacteroidia,Flavobacteriales,Flavobacteriaceae,GCA-2700405,GCA-2700405 sp902512065
TAX_91,Bacteria,Bacteroidota,Bacteroidia,Flavobacteriales,Flavobacteriaceae,GCA-2719315,GCA-2719315 sp002719315
TAX_92,Bacteria,Bacteroidota,Bacteroidia,Flavobacteriales,Flavobacteriaceae,Gillisia,Gillisia sp900104765
TAX_93,Bacteria,Bacteroidota,Bacteroidia,Flavobacteriales,Flavobacteriaceae,Gramella,Gramella sp006714895
TAX_94,Bacteria,Bacteroidota,Bacteroidia,Flavobacteriales,Flavobacteriaceae,Hel1-33-131,Hel1-33-131 sp001735745
TAX_95,Bacteria,Bacteroidota,Bacteroidia,Flavobacteriales,Flavobacteriaceae,Leeuwenhoekiella,Leeuwenhoekiella aequorea
TAX_96,Bacteria,Bacteroidota,Bacteroidia,Flavobacteriales,Flavobacteriaceae,Leeuwenhoekiella,Leeuwenhoekiella blandensis
TAX_97,Bacteria,Bacteroidota,Bacteroidia,Flavobacteriales,Flavobacteriaceae,MAG-120531,MAG-120531 sp000173115
TAX_98,Bacteria,Bacteroidota,Bacteroidia,Flavobacteriales,Flavobacteriaceae,MAG-121220-bin8,MAG-121220-bin8 sp002700465
TAX_99,Bacteria,Bacteroidota,Bacteroidia,Flavobacteriales,Flavobacteriaceae,MAG-121220-bin8,MAG-121220-bin8 sp003331265
TAX_100,Bacteria,Bacteroidota,Bacteroidia,Flavobacteriales,Flavobacteriaceae,MAG-121220-bin8,MAG-121220-bin8 sp014239275
TAX_101,Bacteria,Bacteroidota,Bacteroidia,Flavobacteriales,Flavobacteriaceae,MAG-121220-bin8,MAG-121220-bin8 sp902510655
TAX_102,Bacteria,Bacteroidota,Bacteroidia,Flavobacteriales,Flavobacteriaceae,MAG-121220-bin8,MAG-121220-bin8 sp902511755
TAX_103,Bacteria,Bacteroidota,Bacteroidia,Flavobacteriales,Flavobacteriaceae,MAG-121220-bin8,MAG-121220-bin8 sp902559035
TAX_104,Bacteria,Bacteroidota,Bacteroidia,Flavobacteriales,Flavobacteriaceae,MED-G11,MED-G11 sp002457075
TAX_105,Bacteria,Bacteroidota,Bacteroidia,Flavobacteriales,Flavobacteriaceae,MED-G11,MED-G11 sp002729755
TAX_106,Bacteria,Bacteroidota,Bacteroidia,Flavobacteriales,Flavobacteriaceae,MED-G11,MED-G11 sp004214015
TAX_107,Bacteria,Bacteroidota,Bacteroidia,Flavobacteriales,Flavobacteriaceae,MED-G11,MED-G11 sp014239615
TAX_108,Bacteria,Bacteroidota,Bacteroidia,Flavobacteriales,Flavobacteriaceae,MED-G11,MED-G11 sp014239665
TAX_109,Bacteria,Bacteroidota,Bacteroidia,Flavobacteriales,Flavobacteriaceae,MED-G11,MED-G11 sp902509805
TAX_110,Bacteria,Bacteroidota,Bacteroidia,Flavobacteriales,Flavobacteriaceae,MED-G11,MED-G11 sp902510395
TAX_111,Bacteria,Bacteroidota,Bacteroidia,Flavobacteriales,Flavobacteriaceae,MED-G13,MED-G13 sp002697255
TAX_112,Bacteria,Bacteroidota,Bacteroidia,Flavobacteriales,Flavobacteriaceae,MED-G13,MED-G13 sp902509675
TAX_113,Bacteria,Bacteroidota,Bacteroidia,Flavobacteriales,Flavobacteriaceae,MED-G13,MED-G13 sp902557655
TAX_114,Bacteria,Bacteroidota,Bacteroidia,Flavobacteriales,Flavobacteriaceae,MED-G13,MED-G13 sp902560045
TAX_115,Bacteria,Bacteroidota,Bacteroidia,Flavobacteriales,Flavobacteriaceae,MS024-2A,MS024-2A sp000173095
TAX_116,Bacteria,Bacteroidota,Bacteroidia,Flavobacteriales,Flavobacteriaceae,MS024-2A,MS024-2A sp002167945
TAX_117,Bacteria,Bacteroidota,Bacteroidia,Flavobacteriales,Flavobacteriaceae,MS024-2A,MS024-2A sp002705385
TAX_118,Bacteria,Bacteroidota,Bacteroidia,Flavobacteriales,Flavobacteriaceae,MS024-2A,MS024-2A sp009886625
TAX_119,Bacteria,Bacteroidota,Bacteroidia,Flavobacteriales,Flavobacteriaceae,MS024-2A,MS024-2A sp902517245
TAX_120,Bacteria,Bacteroidota,Bacteroidia,Flavobacteriales,Flavobacteriaceae,MS024-2A,MS024-2A sp902546725
TAX_121,Bacteria,Bacteroidota,Bacteroidia,Flavobacteriales,Flavobacteriaceae,Mesonia,Mesonia algae
TAX_122,Bacteria,Bacteroidota,Bacteroidia,Flavobacteriales,Flavobacteriaceae,Mesonia,Mesonia aquimarina
TAX_123,Bacteria,Bacteroidota,Bacteroidia,Flavobacteriales,Flavobacteriaceae,Mesonia,Mesonia mobilis
TAX_124,Bacteria,Bacteroidota,Bacteroidia,Flavobacteriales,Flavobacteriaceae,Polaribacter,Polaribacter sp000766795
TAX_125,Bacteria,Bacteroidota,Bacteroidia,Flavobacteriales,Flavobacteriaceae,Polaribacter,Polaribacter sp900106075
TAX_126,Bacteria,Bacteroidota,Bacteroidia,Flavobacteriales,Flavobacteriaceae,SCGC-AAA160-P02,SCGC-AAA160-P02 sp000383355
TAX_127,Bacteria,Bacteroidota,Bacteroidia,Flavobacteriales,Flavobacteriaceae,SGZJ01,SGZJ01 sp004213995
TAX_128,Bacteria,Bacteroidota,Bacteroidia,Flavobacteriales,Flavobacteriaceae,SGZJ01,SGZJ01 sp902515565
TAX_129,Bacteria,Bacteroidota,Bacteroidia,Flavobacteriales,Flavobacteriaceae,Salegentibacter,Salegentibacter agarivorans
TAX_130,Bacteria,Bacteroidota,Bacteroidia,Flavobacteriales,Flavobacteriaceae,Salegentibacter,Salegentibacter mishustinae
TAX_131,Bacteria,Bacteroidota,Bacteroidia,Flavobacteriales,Flavobacteriaceae,Salegentibacter,Salegentibacter salarius
TAX_132,Bacteria,Bacteroidota,Bacteroidia,Flavobacteriales,Flavobacteriaceae,Salegentibacter,Salegentibacter sp000745315
TAX_133,Bacteria,Bacteroidota,Bacteroidia,Flavobacteriales,Flavobacteriaceae,TMED220,TMED220 sp002169155
TAX_134,Bacteria,Bacteroidota,Bacteroidia,Flavobacteriales,Flavobacteriaceae,TMED220,TMED220 sp902514625
TAX_135,Bacteria,Bacteroidota,Bacteroidia,Flavobacteriales,Flavobacteriaceae,Tenacibaculum,Tenacibaculum sp002954385
TAX_136,Bacteria,Bacteroidota,Bacteroidia,Flavobacteriales,Flavobacteriaceae,UBA11891,UBA11891 sp009886755
TAX_137,Bacteria,Bacteroidota,Bacteroidia,Flavobacteriales,Flavobacteriaceae,UBA3537,UBA3537 sp001735715
TAX_138,Bacteria,Bacteroidota,Bacteroidia,Flavobacteriales,Flavobacteriaceae,UBA3537,UBA3537 sp002684355
TAX_139,Bacteria,Bacteroidota,Bacteroidia,Flavobacteriales,Flavobacteriaceae,UBA3537,UBA3537 sp002690085
TAX_140,Bacteria,Bacteroidota,Bacteroidia,Flavobacteriales,Flavobacteriaceae,UBA3537,UBA3537 sp002698705
TAX_141,Bacteria,Bacteroidota,Bacteroidia,Flavobacteriales,Flavobacteriaceae,UBA3537,UBA3537 sp002709185
TAX_142,Bacteria,Bacteroidota,Bacteroidia,Flavobacteriales,Flavobacteriaceae,UBA3537,UBA3537 sp002725015
TAX_143,Bacteria,Bacteroidota,Bacteroidia,Flavobacteriales,Flavobacteriaceae,UBA3537,UBA3537 sp902516685
TAX_144,Bacteria,Bacteroidota,Bacteroidia,Flavobacteriales,Flavobacteriaceae,UBA724,UBA724 sp002171575
TAX_145,Bacteria,Bacteroidota,Bacteroidia,Flavobacteriales,Flavobacteriaceae,UBA724,UBA724 sp902536935
TAX_146,Bacteria,Bacteroidota,Bacteroidia,Flavobacteriales,Flavobacteriaceae,UBA7428,UBA7428 sp002477625
TAX_147,Bacteria,Bacteroidota,Bacteroidia,Flavobacteriales,Flavobacteriaceae,UBA7428,UBA7428 sp002708445
TAX_148,Bacteria,Bacteroidota,Bacteroidia,Flavobacteriales,Flavobacteriaceae,UBA7428,UBA7428 sp003023645
TAX_149,Bacteria,Bacteroidota,Bacteroidia,Flavobacteriales,Flavobacteriaceae,UBA7446,UBA7446 sp002698745
TAX_150,Bacteria,Bacteroidota,Bacteroidia,Flavobacteriales,Flavobacteriaceae,UBA7446,UBA7446 sp002862645
TAX_151,Bacteria,Bacteroidota,Bacteroidia,Flavobacteriales,Flavobacteriaceae,UBA7446,UBA7446 sp002862705
TAX_152,Bacteria,Bacteroidota,Bacteroidia,Flavobacteriales,Flavobacteriaceae,UBA7446,UBA7446 sp009886265
TAX_153,Bacteria,Bacteroidota,Bacteroidia,Flavobacteriales,Flavobacteriaceae,UBA8316,UBA8316 sp002171295
TAX_154,Bacteria,Bacteroidota,Bacteroidia,Flavobacteriales,Flavobacteriaceae,UBA8316,UBA8316 sp002364535
TAX_155,Bacteria,Bacteroidota,Bacteroidia,Flavobacteriales,Flavobacteriaceae,UBA8316,UBA8316 sp009936675
TAX_156,Bacteria,Bacteroidota,Bacteroidia,Flavobacteriales,Flavobacteriaceae,Ulvibacter_B,Ulvibacter_B sp003450155
TAX_157,Bacteria,Bacteroidota,Bacteroidia,Flavobacteriales,Flavobacteriaceae,Winogradskyella,Winogradskyella sp002163855
TAX_158,Bacteria,Bacteroidota,Bacteroidia,Flavobacteriales,Flavobacteriaceae,Zunongwangia,Zunongwangia mangrovi
TAX_159,Bacteria,Bacteroidota,Bacteroidia,Flavobacteriales,Flavobacteriaceae,Zunongwangia,Zunongwangia profunda
TAX_160,Bacteria,Bacteroidota,Bacteroidia,Flavobacteriales,Schleiferiaceae,TMED14,TMED14 sp002682945
TAX_161,Bacteria,Bacteroidota,Bacteroidia,Flavobacteriales,Schleiferiaceae,UBA10364,UBA10364 sp002387615
TAX_162,Bacteria,Bacteroidota,Bacteroidia,Flavobacteriales,Schleiferiaceae,UBA10364,UBA10364 sp002685435
TAX_163,Bacteria,Bacteroidota,Bacteroidia,Flavobacteriales,Schleiferiaceae,UBA10364,UBA10364 sp002707525
TAX_164,Bacteria,Bacteroidota,Bacteroidia,Flavobacteriales,Schleiferiaceae,UBA10364,UBA10364 sp003045825
TAX_165,Bacteria,Bacteroidota,Bacteroidia,Flavobacteriales,UA16,ASP10-05a,ASP10-05a sp002336675
TAX_166,Bacteria,Bacteroidota,Bacteroidia,Flavobacteriales,UA16,UA16,UA16 sp002477505
TAX_167,Bacteria,Bacteroidota,Bacteroidia,Flavobacteriales,UA16,UBA974,UBA974 sp002336655
TAX_168,Bacteria,Bacteroidota,Bacteroidia,Flavobacteriales,UA16,UBA974,UBA974 sp002700285
TAX_169,Bacteria,Bacteroidota,Bacteroidia,Flavobacteriales,UBA10066,MED-G20,MED-G20 sp002699745
TAX_170,Bacteria,Bacteroidota,Bacteroidia,Flavobacteriales,UBA10066,MED-G20,MED-G20 sp002713405
TAX_171,Bacteria,Bacteroidota,Bacteroidia,Flavobacteriales,UBA10066,MED-G20,MED-G20 sp902599165
TAX_172,Bacteria,Bacteroidota,Bacteroidia,Flavobacteriales,UBA7312,GCA-2862585,GCA-2862585 sp002862585
TAX_173,Bacteria,Bacteroidota,Bacteroidia,Flavobacteriales,UBA7430,MED-G21,MED-G21 sp002457305
TAX_174,Bacteria,Bacteroidota,Bacteroidia,Flavobacteriales,UBA7430,UBA6772,UBA6772 sp002685115
TAX_175,Bacteria,Bacteroidota,Bacteroidia,Flavobacteriales,UBA7430,UBA7430,UBA7430 sp002478765
TAX_176,Bacteria,Chloroflexota,Dehalococcoidia,UBA1151,TMED-70,TMED-70,TMED-70 sp002699165
TAX_177,Bacteria,Cyanobacteria,Cyanobacteriia,PCC-6307,Cyanobiaceae,Prochlorococcus_B,Prochlorococcus_B marinus_B
TAX_178,Bacteria,Cyanobacteria,Cyanobacteriia,PCC-6307,Cyanobiaceae,Prochlorococcus_B,Prochlorococcus_B sp003284445
TAX_179,Bacteria,Cyanobacteria,Cyanobacteriia,PCC-6307,Cyanobiaceae,Prochlorococcus_C,Prochlorococcus_C marinus_B
TAX_180,Bacteria,Cyanobacteria,Cyanobacteriia,PCC-6307,Cyanobiaceae,Prochlorococcus_C,Prochlorococcus_C sp000760295
TAX_181,Bacteria,Cyanobacteria,Cyanobacteriia,PCC-6307,Cyanobiaceae,Prochlorococcus_C,Prochlorococcus_C sp003214855
TAX_182,Bacteria,Cyanobacteria,Cyanobacteriia,PCC-6307,Cyanobiaceae,Synechococcus_C,Synechococcus_C sp000014585
TAX_183,Bacteria,Cyanobacteria,Cyanobacteriia,PCC-6307,Cyanobiaceae,Synechococcus_C,Synechococcus_C sp000230675
TAX_184,Bacteria,Cyanobacteria,Cyanobacteriia,PCC-6307,Cyanobiaceae,Synechococcus_C,Synechococcus_C sp001040845
TAX_185,Bacteria,Cyanobacteria,Cyanobacteriia,PCC-6307,Cyanobiaceae,Synechococcus_C,Synechococcus_C sp002500205
TAX_186,Bacteria,Cyanobacteria,Cyanobacteriia,PCC-6307,Cyanobiaceae,Synechococcus_C,Synechococcus_C sp003210315
TAX_187,Bacteria,Cyanobacteria,Cyanobacteriia,PCC-6307,Cyanobiaceae,Synechococcus_C,Synechococcus_C sp003210555
TAX_188,Bacteria,Cyanobacteria,Cyanobacteriia,PCC-6307,Cyanobiaceae,Synechococcus_C,Synechococcus_C sp003210755
TAX_189,Bacteria,Cyanobacteria,Cyanobacteriia,PCC-6307,Cyanobiaceae,Synechococcus_C,Synechococcus_C sp003210775
TAX_190,Bacteria,Cyanobacteria,Cyanobacteriia,PCC-6307,Cyanobiaceae,Synechococcus_C,Synechococcus_C sp014279835
TAX_191,Bacteria,Cyanobacteria,Cyanobacteriia,PCC-6307,Cyanobiaceae,Synechococcus_C,Synechococcus_C sp014279975
TAX_192,Bacteria,Cyanobacteria,Cyanobacteriia,PCC-6307,Cyanobiaceae,Synechococcus_E,Synechococcus_E sp000012505
TAX_193,Bacteria,Cyanobacteria,Cyanobacteriia,PCC-6307,Cyanobiaceae,Synechococcus_E,Synechococcus_E sp000153805
TAX_194,Bacteria,Cyanobacteria,Cyanobacteriia,PCC-6307,Cyanobiaceae,Synechococcus_E,Synechococcus_E sp003208835
TAX_195,Bacteria,Desulfobacterota_B,Binatia,UBA12015,UBA12015,UBA12015,UBA12015 sp003447545
TAX_196,Bacteria,Firmicutes,Bacilli,Staphylococcales,Staphylococcaceae,Staphylococcus,Staphylococcus epidermidis
TAX_197,Bacteria,Firmicutes,Bacilli,Staphylococcales,Staphylococcaceae,Staphylococcus,Staphylococcus hominis
TAX_198,Bacteria,Marinisomatota,Marinisomatia,Marinisomatales,Marinisomataceae,Marinisoma,Marinisoma sp000494305
TAX_199,Bacteria,Marinisomatota,Marinisomatia,Marinisomatales,TCS55,TCS55,TCS55 sp014239505
TAX_200,Bacteria,Marinisomatota,Marinisomatia,Marinisomatales,UBA1611,GCA-2691785,GCA-2691785 sp002691785
TAX_201,Bacteria,Marinisomatota,Marinisomatia,Marinisomatales,UBA1611,TMED80,TMED80 sp902559415
TAX_202,Bacteria,Nitrospirota,Nitrospiria,Nitrospirales,UBA8639,JAALKI01,JAALKI01 sp011088105
TAX_203,Bacteria,Planctomycetota,Phycisphaerae,Phycisphaerales,SM1A02,GCA-002718515,GCA-002718515 sp002689385
TAX_204,Bacteria,Planctomycetota,Phycisphaerae,Phycisphaerales,SM1A02,UBA12014,UBA12014 sp002684755
TAX_205,Bacteria,Planctomycetota,Phycisphaerae,Phycisphaerales,SM1A02,UBA1668,UBA1668 sp002364555
TAX_206,Bacteria,Planctomycetota,Phycisphaerae,Phycisphaerales,SM1A02,UBA1924,UBA1924 sp002364005
TAX_207,Bacteria,Planctomycetota,Phycisphaerae,Phycisphaerales,SM1A02,UBA8087,UBA8087 sp002684315
TAX_208,Bacteria,Planctomycetota,Planctomycetes,Pirellulales,Pirellulaceae,JABAAE01,JABAAE01 sp014238905
TAX_209,Bacteria,Planctomycetota,Planctomycetes,Pirellulales,Pirellulaceae,Mariniblastus,Mariniblastus sp011087765
TAX_210,Bacteria,Planctomycetota,Planctomycetes,Pirellulales,Pirellulaceae,Mariniblastus,Mariniblastus sp011523945
TAX_211,Bacteria,Planctomycetota,Planctomycetes,Pirellulales,Pirellulaceae,Mariniblastus,Mariniblastus sp014237975
TAX_212,Bacteria,Planctomycetota,Planctomycetes,Pirellulales,Pirellulaceae,Rubripirellula,Rubripirellula sp002689655
TAX_213,Bacteria,Planctomycetota,Planctomycetes,Pirellulales,Pirellulaceae,Rubripirellula,Rubripirellula sp002690925
TAX_214,Bacteria,Planctomycetota,Planctomycetes,Pirellulales,Pirellulaceae,Rubripirellula,Rubripirellula sp002712845
TAX_215,Bacteria,Planctomycetota,Planctomycetes,Pirellulales,Pirellulaceae,Rubripirellula,Rubripirellula sp002862205
TAX_216,Bacteria,Planctomycetota,Planctomycetes,Pirellulales,Pirellulaceae,Rubripirellula,Rubripirellula sp003513555
TAX_217,Bacteria,Planctomycetota,Planctomycetes,Pirellulales,Pirellulaceae,UBA721,UBA721 sp002705165
TAX_218,Bacteria,Planctomycetota,Planctomycetes,Pirellulales,UBA1268,UBA1268,UBA1268 sp002171115
TAX_219,Bacteria,Planctomycetota,Planctomycetes,Pirellulales,UBA1268,UBA1268,UBA1268 sp002694955
TAX_220,Bacteria,Planctomycetota,Planctomycetes,Pirellulales,UBA1268,UBA1268,UBA1268 sp002712395
TAX_221,Bacteria,Planctomycetota,Planctomycetes,Pirellulales,UBA1268,UBA1268,UBA1268 sp002862165
TAX_222,Bacteria,Planctomycetota,Planctomycetes,Pirellulales,UBA1268,UBA1268,UBA1268 sp002862175
TAX_223,Bacteria,Planctomycetota,Planctomycetes,Pirellulales,UBA1268,UBA1268,UBA1268 sp003509235
TAX_224,Bacteria,Planctomycetota,Planctomycetes,Pirellulales,UBA1268,UBA1268,UBA1268 sp014238855
TAX_225,Bacteria,Planctomycetota,Planctomycetes,Pirellulales,UBA7805,UBA7805,UBA7805 sp002168195
TAX_226,Bacteria,Planctomycetota,Planctomycetes,Planctomycetales,Planctomycetaceae,Fuerstia,Fuerstia sp014238335
TAX_227,Bacteria,Proteobacteria,Alphaproteobacteria,HIMB59,GCA-002718135,AG-337-I02,AG-337-I02 sp902511405
TAX_228,Bacteria,Proteobacteria,Alphaproteobacteria,HIMB59,GCA-002718135,AG-337-I02,AG-337-I02 sp902601455
TAX_229,Bacteria,Proteobacteria,Alphaproteobacteria,HIMB59,HIMB59,HIMB59,HIMB59 sp002169365
TAX_230,Bacteria,Proteobacteria,Alphaproteobacteria,Parvibaculales,RS24,UBA8337,UBA8337 sp900197605
TAX_231,Bacteria,Proteobacteria,Alphaproteobacteria,Pelagibacterales,Pelagibacteraceae,Pelagibacter,Pelagibacter giovannonii
TAX_232,Bacteria,Proteobacteria,Alphaproteobacteria,Pelagibacterales,Pelagibacteraceae,Pelagibacter,Pelagibacter sp000155895
TAX_233,Bacteria,Proteobacteria,Alphaproteobacteria,Pelagibacterales,Pelagibacteraceae,Pelagibacter,Pelagibacter sp003210015
TAX_234,Bacteria,Proteobacteria,Alphaproteobacteria,Pelagibacterales,Pelagibacteraceae,Pelagibacter,Pelagibacter sp003279685
TAX_235,Bacteria,Proteobacteria,Alphaproteobacteria,Pelagibacterales,Pelagibacteraceae,Pelagibacter,Pelagibacter sp003279715
TAX_236,Bacteria,Proteobacteria,Alphaproteobacteria,Pelagibacterales,Pelagibacteraceae,Pelagibacter,Pelagibacter sp003282975
TAX_237,Bacteria,Proteobacteria,Alphaproteobacteria,Pelagibacterales,Pelagibacteraceae,Pelagibacter,Pelagibacter sp003282985
TAX_238,Bacteria,Proteobacteria,Alphaproteobacteria,Pelagibacterales,Pelagibacteraceae,Pelagibacter,Pelagibacter sp003283905
TAX_239,Bacteria,Proteobacteria,Alphaproteobacteria,Pelagibacterales,Pelagibacteraceae,Pelagibacter,Pelagibacter sp014653365
TAX_240,Bacteria,Proteobacteria,Alphaproteobacteria,Pelagibacterales,Pelagibacteraceae,Pelagibacter,Pelagibacter sp014653375
TAX_241,Bacteria,Proteobacteria,Alphaproteobacteria,Pelagibacterales,Pelagibacteraceae,Pelagibacter,Pelagibacter sp014653385
TAX_242,Bacteria,Proteobacteria,Alphaproteobacteria,Pelagibacterales,Pelagibacteraceae,Pelagibacter,Pelagibacter sp014653455
TAX_243,Bacteria,Proteobacteria,Alphaproteobacteria,Pelagibacterales,Pelagibacteraceae,Pelagibacter,Pelagibacter sp014654035
TAX_244,Bacteria,Proteobacteria,Alphaproteobacteria,Pelagibacterales,Pelagibacteraceae,Pelagibacter,Pelagibacter sp014654265
TAX_245,Bacteria,Proteobacteria,Alphaproteobacteria,Pelagibacterales,Pelagibacteraceae,Pelagibacter,Pelagibacter sp014654455
TAX_246,Bacteria,Proteobacteria,Alphaproteobacteria,Pelagibacterales,Pelagibacteraceae,Pelagibacter,Pelagibacter sp902509725
TAX_247,Bacteria,Proteobacteria,Alphaproteobacteria,Pelagibacterales,Pelagibacteraceae,Pelagibacter,Pelagibacter sp902511185
TAX_248,Bacteria,Proteobacteria,Alphaproteobacteria,Pelagibacterales,Pelagibacteraceae,Pelagibacter,Pelagibacter sp902512765
TAX_249,Bacteria,Proteobacteria,Alphaproteobacteria,Pelagibacterales,Pelagibacteraceae,Pelagibacter,Pelagibacter sp902513955
TAX_250,Bacteria,Proteobacteria,Alphaproteobacteria,Pelagibacterales,Pelagibacteraceae,Pelagibacter,Pelagibacter sp902514745
TAX_251,Bacteria,Proteobacteria,Alphaproteobacteria,Pelagibacterales,Pelagibacteraceae,Pelagibacter,Pelagibacter sp902520685
TAX_252,Bacteria,Proteobacteria,Alphaproteobacteria,Pelagibacterales,Pelagibacteraceae,Pelagibacter,Pelagibacter sp902554765
TAX_253,Bacteria,Proteobacteria,Alphaproteobacteria,Pelagibacterales,Pelagibacteraceae,Pelagibacter,Pelagibacter sp902555655
TAX_254,Bacteria,Proteobacteria,Alphaproteobacteria,Pelagibacterales,Pelagibacteraceae,Pelagibacter,Pelagibacter sp902556905
TAX_255,Bacteria,Proteobacteria,Alphaproteobacteria,Pelagibacterales,Pelagibacteraceae,Pelagibacter,Pelagibacter sp902558795
TAX_256,Bacteria,Proteobacteria,Alphaproteobacteria,Pelagibacterales,Pelagibacteraceae,Pelagibacter,Pelagibacter sp902560015
TAX_257,Bacteria,Proteobacteria,Alphaproteobacteria,Pelagibacterales,Pelagibacteraceae,Pelagibacter,Pelagibacter sp902573585
TAX_258,Bacteria,Proteobacteria,Alphaproteobacteria,Pelagibacterales,Pelagibacteraceae,Pelagibacter,Pelagibacter sp902595535
TAX_259,Bacteria,Proteobacteria,Alphaproteobacteria,Pelagibacterales,Pelagibacteraceae,Pelagibacter,Pelagibacter sp902595745
TAX_260,Bacteria,Proteobacteria,Alphaproteobacteria,Pelagibacterales,Pelagibacteraceae,Pelagibacter,Pelagibacter sp902596045
TAX_261,Bacteria,Proteobacteria,Alphaproteobacteria,Pelagibacterales,Pelagibacteraceae,Pelagibacter,Pelagibacter sp902603555
TAX_262,Bacteria,Proteobacteria,Alphaproteobacteria,Pelagibacterales,Pelagibacteraceae,Pelagibacter,Pelagibacter sp902604605
TAX_263,Bacteria,Proteobacteria,Alphaproteobacteria,Pelagibacterales,Pelagibacteraceae,Pelagibacter,Pelagibacter sp902608385
TAX_264,Bacteria,Proteobacteria,Alphaproteobacteria,Pelagibacterales,Pelagibacteraceae,Pelagibacter,Pelagibacter sp902613855
TAX_265,Bacteria,Proteobacteria,Alphaproteobacteria,Pelagibacterales,Pelagibacteraceae,Pelagibacter,Pelagibacter ubique
TAX_266,Bacteria,Proteobacteria,Alphaproteobacteria,Pelagibacterales,Pelagibacteraceae,Pelagibacter,Pelagibacter ubique_C
TAX_267,Bacteria,Proteobacteria,Alphaproteobacteria,Pelagibacterales,Pelagibacteraceae,Pelagibacter,Pelagibacter ubique_L
TAX_268,Bacteria,Proteobacteria,Alphaproteobacteria,Pelagibacterales,Pelagibacteraceae,Pelagibacter,Pelagibacter ubique_M
TAX_269,Bacteria,Proteobacteria,Alphaproteobacteria,Pelagibacterales,Pelagibacteraceae,Pelagibacter,Pelagibacter ubique_S
TAX_270,Bacteria,Proteobacteria,Alphaproteobacteria,Pelagibacterales,Pelagibacteraceae,Pelagibacter_A,Pelagibacter_A sp003282965
TAX_271,Bacteria,Proteobacteria,Alphaproteobacteria,Pelagibacterales,Pelagibacteraceae,Pelagibacter_A,Pelagibacter_A sp003284275
TAX_272,Bacteria,Proteobacteria,Alphaproteobacteria,Pelagibacterales,Pelagibacteraceae,Pelagibacter_A,Pelagibacter_A sp014653835
TAX_273,Bacteria,Proteobacteria,Alphaproteobacteria,Pelagibacterales,Pelagibacteraceae,Pelagibacter_A,Pelagibacter_A sp014654415
TAX_274,Bacteria,Proteobacteria,Alphaproteobacteria,Pelagibacterales,Pelagibacteraceae,Pelagibacter_A,Pelagibacter_A sp902536305
TAX_275,Bacteria,Proteobacteria,Alphaproteobacteria,Pelagibacterales,Pelagibacteraceae,Pelagibacter_A,Pelagibacter_A sp902572345
TAX_276,Bacteria,Proteobacteria,Alphaproteobacteria,Pelagibacterales,Pelagibacteraceae,Pelagibacter_A,Pelagibacter_A sp902609855
TAX_277,Bacteria,Proteobacteria,Alphaproteobacteria,Pelagibacterales,Pelagibacteraceae,TMED170,TMED170 sp902604695
TAX_278,Bacteria,Proteobacteria,Alphaproteobacteria,Puniceispirillales,AAA536-G10,AAA536-G10,AAA536-G10 sp000421325
TAX_279,Bacteria,Proteobacteria,Alphaproteobacteria,Puniceispirillales,Puniceispirillaceae,Puniceispirillum,Puniceispirillum marinum
TAX_280,Bacteria,Proteobacteria,Alphaproteobacteria,Puniceispirillales,Puniceispirillaceae,UBA3439,UBA3439 sp002378605
TAX_281,Bacteria,Proteobacteria,Alphaproteobacteria,Puniceispirillales,Puniceispirillaceae,UBA4588,UBA4588 sp002387605
TAX_282,Bacteria,Proteobacteria,Alphaproteobacteria,Puniceispirillales,Puniceispirillaceae,UBA5951,UBA5951 sp009936885
TAX_283,Bacteria,Proteobacteria,Alphaproteobacteria,Puniceispirillales,Puniceispirillaceae,UBA8309,UBA8309 sp002683535
TAX_284,Bacteria,Proteobacteria,Alphaproteobacteria,Rhizobiales_B,TMED25,MED-G09,MED-G09 sp002704345
TAX_285,Bacteria,Proteobacteria,Alphaproteobacteria,Rhodobacterales,Rhodobacteraceae,Amylibacter,Amylibacter sp000153745
TAX_286,Bacteria,Proteobacteria,Alphaproteobacteria,Rhodobacterales,Rhodobacteraceae,Amylibacter,Amylibacter sp003447515
TAX_287,Bacteria,Proteobacteria,Alphaproteobacteria,Rhodobacterales,Rhodobacteraceae,Amylibacter,Amylibacter sp900197625
TAX_288,Bacteria,Proteobacteria,Alphaproteobacteria,Rhodobacterales,Rhodobacteraceae,Ascidiaceihabitans,Ascidiaceihabitans sp002478745
TAX_289,Bacteria,Proteobacteria,Alphaproteobacteria,Rhodobacterales,Rhodobacteraceae,CABZJG01,CABZJG01 sp002726375
TAX_290,Bacteria,Proteobacteria,Alphaproteobacteria,Rhodobacterales,Rhodobacteraceae,CACIIZ01,CACIIZ01 sp002699695
TAX_291,Bacteria,Proteobacteria,Alphaproteobacteria,Rhodobacterales,Rhodobacteraceae,CACIIZ01,CACIIZ01 sp014239455
TAX_292,Bacteria,Proteobacteria,Alphaproteobacteria,Rhodobacterales,Rhodobacteraceae,CPC320,CPC320 sp002684375
TAX_293,Bacteria,Proteobacteria,Alphaproteobacteria,Rhodobacterales,Rhodobacteraceae,Dinoroseobacter,Dinoroseobacter sp013215265
TAX_294,Bacteria,Proteobacteria,Alphaproteobacteria,Rhodobacterales,Rhodobacteraceae,GCA-002712045,GCA-002712045 sp002683355
TAX_295,Bacteria,Proteobacteria,Alphaproteobacteria,Rhodobacterales,Rhodobacteraceae,GCA-2697345,GCA-2697345 sp002697345
TAX_296,Bacteria,Proteobacteria,Alphaproteobacteria,Rhodobacterales,Rhodobacteraceae,HTCC2150,HTCC2150 sp000169395
TAX_297,Bacteria,Proteobacteria,Alphaproteobacteria,Rhodobacterales,Rhodobacteraceae,LGRT01,LGRT01 sp001642945
TAX_298,Bacteria,Proteobacteria,Alphaproteobacteria,Rhodobacterales,Rhodobacteraceae,LGRT01,LGRT01 sp902539465
TAX_299,Bacteria,Proteobacteria,Alphaproteobacteria,Rhodobacterales,Rhodobacteraceae,LGRT01,LGRT01 sp902542575
TAX_300,Bacteria,Proteobacteria,Alphaproteobacteria,Rhodobacterales,Rhodobacteraceae,Lentibacter,Lentibacter algarum
TAX_301,Bacteria,Proteobacteria,Alphaproteobacteria,Rhodobacterales,Rhodobacteraceae,MED-G52,MED-G52 sp002457115
TAX_302,Bacteria,Proteobacteria,Alphaproteobacteria,Rhodobacterales,Rhodobacteraceae,MED-G52,MED-G52 sp002682975
TAX_303,Bacteria,Proteobacteria,Alphaproteobacteria,Rhodobacterales,Rhodobacteraceae,MED-G52,MED-G52 sp002711145
TAX_304,Bacteria,Proteobacteria,Alphaproteobacteria,Rhodobacterales,Rhodobacteraceae,MED-G52,MED-G52 sp003332035
TAX_305,Bacteria,Proteobacteria,Alphaproteobacteria,Rhodobacterales,Rhodobacteraceae,Planktomarina,Planktomarina sp002683685
TAX_306,Bacteria,Proteobacteria,Alphaproteobacteria,Rhodobacterales,Rhodobacteraceae,Planktomarina,Planktomarina sp002698165
TAX_307,Bacteria,Proteobacteria,Alphaproteobacteria,Rhodobacterales,Rhodobacteraceae,Planktomarina,Planktomarina temperata
TAX_308,Bacteria,Proteobacteria,Alphaproteobacteria,Rhodobacterales,Rhodobacteraceae,Planktotalea,Planktotalea frisia
TAX_309,Bacteria,Proteobacteria,Alphaproteobacteria,Rhodobacterales,Rhodobacteraceae,Planktotalea,Planktotalea sp000156115
TAX_310,Bacteria,Proteobacteria,Alphaproteobacteria,Rhodobacterales,Rhodobacteraceae,R2A62,R2A62 sp000161835
TAX_311,Bacteria,Proteobacteria,Alphaproteobacteria,Rhodobacterales,Rhodobacteraceae,Sulfitobacter,Sulfitobacter litoralis
TAX_312,Bacteria,Proteobacteria,Alphaproteobacteria,Rhodobacterales,Rhodobacteraceae,Sulfitobacter,Sulfitobacter pontiacus
TAX_313,Bacteria,Proteobacteria,Alphaproteobacteria,Rhodobacterales,Rhodobacteraceae,Sulfitobacter,Sulfitobacter sp001634775
TAX_314,Bacteria,Proteobacteria,Alphaproteobacteria,Rhodobacterales,Rhodobacteraceae,Sulfitobacter,Sulfitobacter sp002703405
TAX_315,Bacteria,Proteobacteria,Alphaproteobacteria,Rhodobacterales,Rhodobacteraceae,Tateyamaria,Tateyamaria sp003445215
TAX_316,Bacteria,Proteobacteria,Alphaproteobacteria,Rhodobacterales,Rhodobacteraceae,Tateyamaria,Tateyamaria sp900143535
TAX_317,Bacteria,Proteobacteria,Alphaproteobacteria,Sphingomonadales,Emcibacteraceae,UBA4441,UBA4441 sp002390425
TAX_318,Bacteria,Proteobacteria,Alphaproteobacteria,TMED109,TMED109,GCA-2684605,GCA-2684605 sp002684605
TAX_319,Bacteria,Proteobacteria,Alphaproteobacteria,Thalassobaculales,Nisaeaceae,UBA7326,UBA7326 sp002708305
TAX_320,Bacteria,Proteobacteria,Alphaproteobacteria,UBA7985,UBA7985,UBA7985,UBA7985 sp002705565
TAX_321,Bacteria,Proteobacteria,Gammaproteobacteria,Arenicellales,UBA868,GCA-2726415,GCA-2726415 sp014239255
TAX_322,Bacteria,Proteobacteria,Gammaproteobacteria,Arenicellales,UBA868,GCA-2726415,GCA-2726415 sp014239575
TAX_323,Bacteria,Proteobacteria,Gammaproteobacteria,Arenicellales,UBA868,UBA868,UBA868 sp002171735
TAX_324,Bacteria,Proteobacteria,Gammaproteobacteria,Arenicellales,UBA868,UBA868,UBA868 sp002295285
TAX_325,Bacteria,Proteobacteria,Gammaproteobacteria,Burkholderiales,Burkholderiaceae,Comamonas,Comamonas acidovorans
TAX_326,Bacteria,Proteobacteria,Gammaproteobacteria,Burkholderiales,Burkholderiaceae,Comamonas,Comamonas tsuruhatensis
TAX_327,Bacteria,Proteobacteria,Gammaproteobacteria,Burkholderiales,Nitrosomonadaceae,GCA-2721545,GCA-2721545 sp014237605
TAX_328,Bacteria,Proteobacteria,Gammaproteobacteria,Enterobacterales,Alteromonadaceae,Alteromonas,Alteromonas naphthalenivorans
TAX_329,Bacteria,Proteobacteria,Gammaproteobacteria,Enterobacterales,Vibrionaceae,Vibrio,Vibrio sp000171815
TAX_330,Bacteria,Proteobacteria,Gammaproteobacteria,PS1,Thioglobaceae,Thioglobus,Thioglobus singularis
TAX_331,Bacteria,Proteobacteria,Gammaproteobacteria,PS1,Thioglobaceae,Thioglobus,Thioglobus singularis_A
TAX_332,Bacteria,Proteobacteria,Gammaproteobacteria,PS1,Thioglobaceae,Thioglobus,Thioglobus sp002169705
TAX_333,Bacteria,Proteobacteria,Gammaproteobacteria,PS1,Thioglobaceae,Thioglobus,Thioglobus sp902509905
TAX_334,Bacteria,Proteobacteria,Gammaproteobacteria,PS1,Thioglobaceae,Thioglobus,Thioglobus sp902510115
TAX_335,Bacteria,Proteobacteria,Gammaproteobacteria,Pseudomonadales,HTCC2089,UBA4421,UBA4421 sp002390555
TAX_336,Bacteria,Proteobacteria,Gammaproteobacteria,Pseudomonadales,HTCC2089,UBA4421,UBA4421 sp002684495
TAX_337,Bacteria,Proteobacteria,Gammaproteobacteria,Pseudomonadales,HTCC2089,UBA4421,UBA4421 sp002704225
TAX_338,Bacteria,Proteobacteria,Gammaproteobacteria,Pseudomonadales,HTCC2089,UBA4421,UBA4421 sp009886205
TAX_339,Bacteria,Proteobacteria,Gammaproteobacteria,Pseudomonadales,HTCC2089,UBA4421,UBA4421 sp012103505
TAX_340,Bacteria,Proteobacteria,Gammaproteobacteria,Pseudomonadales,HTCC2089,UBA9926,UBA9926 sp003451575
TAX_341,Bacteria,Proteobacteria,Gammaproteobacteria,Pseudomonadales,Halieaceae,Halioglobus,Halioglobus sp000156295
TAX_342,Bacteria,Proteobacteria,Gammaproteobacteria,Pseudomonadales,Halieaceae,Halioglobus,Halioglobus sp002862985
TAX_343,Bacteria,Proteobacteria,Gammaproteobacteria,Pseudomonadales,Halieaceae,Luminiphilus,Luminiphilus sp000169115
TAX_344,Bacteria,Proteobacteria,Gammaproteobacteria,Pseudomonadales,Halieaceae,Luminiphilus,Luminiphilus sp002390485
TAX_345,Bacteria,Proteobacteria,Gammaproteobacteria,Pseudomonadales,Halieaceae,Luminiphilus,Luminiphilus sp002683335
TAX_346,Bacteria,Proteobacteria,Gammaproteobacteria,Pseudomonadales,Halieaceae,Luminiphilus,Luminiphilus sp002683395
TAX_347,Bacteria,Proteobacteria,Gammaproteobacteria,Pseudomonadales,Halieaceae,Luminiphilus,Luminiphilus sp002689915
TAX_348,Bacteria,Proteobacteria,Gammaproteobacteria,Pseudomonadales,Halieaceae,Luminiphilus,Luminiphilus sp002691405
TAX_349,Bacteria,Proteobacteria,Gammaproteobacteria,Pseudomonadales,Halieaceae,Luminiphilus,Luminiphilus sp009886815
TAX_350,Bacteria,Proteobacteria,Gammaproteobacteria,Pseudomonadales,Halieaceae,Luminiphilus,Luminiphilus sp013911345
TAX_351,Bacteria,Proteobacteria,Gammaproteobacteria,Pseudomonadales,Halomonadaceae,Halomonas,Halomonas aquamarina
TAX_352,Bacteria,Proteobacteria,Gammaproteobacteria,Pseudomonadales,Halomonadaceae,Halomonas,Halomonas glaciei
TAX_353,Bacteria,Proteobacteria,Gammaproteobacteria,Pseudomonadales,Halomonadaceae,Halomonas,Halomonas sp002366715
TAX_354,Bacteria,Proteobacteria,Gammaproteobacteria,Pseudomonadales,Halomonadaceae,Halomonas,Halomonas sulfidaeris
TAX_355,Bacteria,Proteobacteria,Gammaproteobacteria,Pseudomonadales,Moraxellaceae,Psychrobacter,Psychrobacter nivimaris
TAX_356,Bacteria,Proteobacteria,Gammaproteobacteria,Pseudomonadales,Moraxellaceae,Psychrobacter,Psychrobacter pacificensis
TAX_357,Bacteria,Proteobacteria,Gammaproteobacteria,Pseudomonadales,Moraxellaceae,Psychrobacter,Psychrobacter sp000511655
TAX_358,Bacteria,Proteobacteria,Gammaproteobacteria,Pseudomonadales,Oleiphilaceae,Marinobacter,Marinobacter vinifirmus
TAX_359,Bacteria,Proteobacteria,Gammaproteobacteria,Pseudomonadales,Porticoccaceae,HTCC2207,HTCC2207 sp000153445
TAX_360,Bacteria,Proteobacteria,Gammaproteobacteria,Pseudomonadales,Porticoccaceae,HTCC2207,HTCC2207 sp002378645
TAX_361,Bacteria,Proteobacteria,Gammaproteobacteria,Pseudomonadales,Porticoccaceae,HTCC2207,HTCC2207 sp002457245
TAX_362,Bacteria,Proteobacteria,Gammaproteobacteria,Pseudomonadales,Porticoccaceae,HTCC2207,HTCC2207 sp002685195
TAX_363,Bacteria,Proteobacteria,Gammaproteobacteria,Pseudomonadales,Porticoccaceae,HTCC2207,HTCC2207 sp002685715
TAX_364,Bacteria,Proteobacteria,Gammaproteobacteria,Pseudomonadales,Porticoccaceae,HTCC2207,HTCC2207 sp003491845
TAX_365,Bacteria,Proteobacteria,Gammaproteobacteria,Pseudomonadales,Porticoccaceae,HTCC2207,HTCC2207 sp004211905
TAX_366,Bacteria,Proteobacteria,Gammaproteobacteria,Pseudomonadales,Porticoccaceae,Porticoccus,Porticoccus sp002390525
TAX_367,Bacteria,Proteobacteria,Gammaproteobacteria,Pseudomonadales,Pseudohongiellaceae,OM182,OM182 sp001438145
TAX_368,Bacteria,Proteobacteria,Gammaproteobacteria,Pseudomonadales,Pseudohongiellaceae,OM182,OM182 sp002700775
TAX_369,Bacteria,Proteobacteria,Gammaproteobacteria,Pseudomonadales,UBA7434,UBA7434,UBA7434 sp002726445
TAX_370,Bacteria,Proteobacteria,Gammaproteobacteria,SAR86,D2472,D2472,D2472 sp000307935
TAX_371,Bacteria,Proteobacteria,Gammaproteobacteria,SAR86,D2472,D2472,D2472 sp003283765
TAX_372,Bacteria,Proteobacteria,Gammaproteobacteria,SAR86,D2472,D2472,D2472 sp003284215
TAX_373,Bacteria,Proteobacteria,Gammaproteobacteria,SAR86,D2472,D2472,D2472 sp902511425
TAX_374,Bacteria,Proteobacteria,Gammaproteobacteria,SAR86,D2472,D2472,D2472 sp902511575
TAX_375,Bacteria,Proteobacteria,Gammaproteobacteria,SAR86,D2472,MED-G78,MED-G78 sp902509965
TAX_376,Bacteria,Proteobacteria,Gammaproteobacteria,SAR86,D2472,SCGC-AAA076-P13,SCGC-AAA076-P13 sp000384935
TAX_377,Bacteria,Proteobacteria,Gammaproteobacteria,SAR86,D2472,SCGC-AAA076-P13,SCGC-AAA076-P13 sp000385055
TAX_378,Bacteria,Proteobacteria,Gammaproteobacteria,UBA11654,UBA11654,UBA11654,UBA11654 sp002691305
TAX_379,Bacteria,Proteobacteria,Gammaproteobacteria,UBA4575,UBA4575,UBA4575,UBA4575 sp002386945
TAX_380,Bacteria,Proteobacteria,Gammaproteobacteria,Woeseiales,Woeseiaceae,SP4260,SP4260 sp902510755
TAX_381,Bacteria,Proteobacteria,Gammaproteobacteria,Woeseiales,Woeseiaceae,SP4260,SP4260 sp902512585
TAX_382,Bacteria,Proteobacteria,Gammaproteobacteria,Xanthomonadales,Xanthomonadaceae,Stenotrophomonas,Stenotrophomonas maltophilia_AM
TAX_383,Bacteria,SAR324,SAR324,SAR324,NAC60-12,Arctic96AD-7,Arctic96AD-7 sp002685535
TAX_384,Bacteria,SAR324,SAR324,SAR324,NAC60-12,Arctic96AD-7,Arctic96AD-7 sp002704555
TAX_385,Bacteria,Verrucomicrobiota,Lentisphaeria,Lentisphaerales,Lentisphaeraceae,Lentisphaera,Lentisphaera araneosa
TAX_386,Bacteria,Verrucomicrobiota,Verrucomicrobiae,Opitutales,DSM-45221,UBA7441,UBA7441 sp009886465
TAX_387,Bacteria,Verrucomicrobiota,Verrucomicrobiae,Opitutales,MB11C04,MB11C04,MB11C04 sp002477515
TAX_388,Bacteria,Verrucomicrobiota,Verrucomicrobiae,Pedosphaerales,UBA1096,UBA1096,UBA1096 sp002170545
TAX_389,Bacteria,Verrucomicrobiota,Verrucomicrobiae,Verrucomicrobiales,Akkermansiaceae,Roseibacillus_B,Roseibacillus_B sp002380675
TAX_390,Bacteria,Verrucomicrobiota,Verrucomicrobiae,Verrucomicrobiales,Akkermansiaceae,Roseibacillus_B,Roseibacillus_B sp002420305
TAX_391,Bacteria,Verrucomicrobiota,Verrucomicrobiae,Verrucomicrobiales,Akkermansiaceae,Roseibacillus_B,Roseibacillus_B sp002501065
TAX_392,Bacteria,Verrucomicrobiota,Verrucomicrobiae,Verrucomicrobiales,Akkermansiaceae,Roseibacillus_B,Roseibacillus_B sp002729275
TAX_393,Bacteria,Verrucomicrobiota,Verrucomicrobiae,Verrucomicrobiales,Akkermansiaceae,Roseibacillus_B,Roseibacillus_B sp014240355
TAX_394,Bacteria,Verrucomicrobiota,Verrucomicrobiae,Verrucomicrobiales,Akkermansiaceae,SW10,SW10 sp000383735
TAX_395,Bacteria,Verrucomicrobiota,Verrucomicrobiae,Verrucomicrobiales,Akkermansiaceae,SW10,SW10 sp002172625
TAX_396,Bacteria,Verrucomicrobiota,Verrucomicrobiae,Verrucomicrobiales,Akkermansiaceae,SW10,SW10 sp002323895
TAX_397,Bacteria,Verrucomicrobiota,Verrucomicrobiae,Verrucomicrobiales,Akkermansiaceae,SW10,SW10 sp002420315
TAX_398,Bacteria,Verrucomicrobiota,Verrucomicrobiae,Verrucomicrobiales,Akkermansiaceae,SW10,SW10 sp002729295
TAX_399,Bacteria,Verrucomicrobiota,Verrucomicrobiae,Verrucomicrobiales,DEV007,Arctic95D-9,Arctic95D-9 sp002726915
TAX_400,Bacteria,Verrucomicrobiota,Verrucomicrobiae,Verrucomicrobiales,DEV007,EC70,EC70 sp002705125
TAX_401,Bacteria,Verrucomicrobiota,Verrucomicrobiae,Verrucomicrobiales,DEV007,EC70,EC70 sp002731805
TAX_402,Bacteria,Verrucomicrobiota,Verrucomicrobiae,Verrucomicrobiales,DEV007,EC70,EC70 sp004211885
TAX_403,Bacteria,Verrucomicrobiota,Verrucomicrobiae,Verrucomicrobiales,DEV007,EC70,EC70 sp012960505
TAX_404,Bacteria,Verrucomicrobiota,Verrucomicrobiae,Verrucomicrobiales,DEV007,EC70,EC70 sp013213965
TAX_405,Bacteria,Verrucomicrobiota,Verrucomicrobiae,Verrucomicrobiales,DEV007,EC70,EC70 sp014239335
TAX_406,Bacteria,Verrucomicrobiota,Verrucomicrobiae,Verrucomicrobiales,DEV007,EC70,EC70 sp902510815
TAX_407,Bacteria,Verrucomicrobiota,Verrucomicrobiae,Verrucomicrobiales,DEV007,EC70,EC70 sp902591645
TAX_408,unclassified,,,,,,
TAX_409,Archaea,Thermoplasmatota,Poseidoniia_A,Poseidoniales,Poseidoniaceae,MGIIa-L3,MGIIa-L3 sp002496845
TAX_410,Archaea,Thermoplasmatota,Poseidoniia_A,Poseidoniales,Poseidoniaceae,MGIIa-L3,MGIIa-L3 sp002723635
TAX_411,Archaea,Thermoplasmatota,Poseidoniia_A,Poseidoniales,Poseidoniaceae,Poseidonia,Poseidonia alphae
TAX_412,Archaea,Thermoplasmatota,Poseidoniia_A,Poseidoniales,Poseidoniaceae,Poseidonia,Poseidonia sp8339u
TAX_413,Archaea,Thermoplasmatota,Poseidoniia_A,Poseidoniales,Thalassarchaeaceae,MGIIb-N2,MGIIb-N2 sp002506875
TAX_414,Archaea,Thermoplasmatota,Poseidoniia_A,Poseidoniales,Thalassarchaeaceae,MGIIb-O1,MGIIb-O1 sp002457595
TAX_415,Archaea,Thermoplasmatota,Poseidoniia_A,Poseidoniales,Thalassarchaeaceae,MGIIb-O1,MGIIb-O1 sp8684u
TAX_416,Archaea,Thermoplasmatota,Poseidoniia_A,Poseidoniales,Thalassarchaeaceae,MGIIb-O2,MGIIb-O2 sp002495525
TAX_417,Archaea,Thermoplasmatota,Poseidoniia_A,Poseidoniales,Thalassarchaeaceae,MGIIb-O3,MGIIb-O3 sp002457155
TAX_418,Archaea,Thermoplasmatota,Poseidoniia_A,Poseidoniales,Thalassarchaeaceae,MGIIb-O3,MGIIb-O3 sp003602515
TAX_419,Archaea,Thermoplasmatota,Poseidoniia_A,Poseidoniales,Thalassarchaeaceae,MGIIb-O3,MGIIb-O3 sp014239955
TAX_420,Archaea,Thermoplasmatota,Poseidoniia_A,Poseidoniales,Thalassarchaeaceae,MGIIb-O5,MGIIb-O5 sp002496725
TAX_421,Archaea,Thermoplasmatota,Poseidoniia_A,Poseidoniales,Thalassarchaeaceae,MGIIb-O5,MGIIb-O5 sp002497985
TAX_422,Archaea,Thermoplasmatota,Poseidoniia_A,Poseidoniales,Thalassarchaeaceae,MGIIb-O5,MGIIb-O5 sp002498925
TAX_423,Archaea,Thermoplasmatota,Poseidoniia_A,Poseidoniales,Thalassarchaeaceae,MGIIb-O5,MGIIb-O5 sp002506825
TAX_424,Archaea,Thermoplasmatota,Poseidoniia_A,Poseidoniales,Thalassarchaeaceae,MGIIb-O5,MGIIb-O5 sp002719635
TAX_425,Archaea,Thermoplasmatota,Poseidoniia_A,Poseidoniales,Thalassarchaeaceae,MGIIb-O5,MGIIb-O5 sp002726275
TAX_426,Archaea,Thermoplasmatota,Poseidoniia_A,Poseidoniales,Thalassarchaeaceae,MGIIb-P,MGIIb-P sp002457195
TAX_427,Archaea,Thermoplasmatota,Poseidoniia_A,Poseidoniales,Thalassarchaeaceae,Thalassarchaeum,Thalassarchaeum sp002457605
TAX_428,Archaea,Thermoplasmatota,Poseidoniia_B,MGIII,CG-Epi1,CG-Epi1,CG-Epi1 sp014240055
TAX_429,Archaea,Thermoplasmatota,Poseidoniia_B,MGIII,CG-Epi1,CG-Epi1,CG-Epi1 sp014240255
TAX_430,Archaea,Thermoproteota,Nitrososphaeria,Nitrososphaerales,Nitrosopumilaceae,Nitrosopelagicus,Nitrosopelagicus sp000402075
TAX_431,Archaea,Thermoproteota,Nitrososphaeria,Nitrososphaerales,Nitrosopumilaceae,Nitrosopumilus,Nitrosopumilus sp001437625
TAX_432,Archaea,Thermoproteota,Nitrososphaeria,Nitrososphaerales,Nitrosopumilaceae,Nitrosopumilus,Nitrosopumilus sp001541925
TAX_433,Bacteria,Actinobacteriota,Acidimicrobiia,Acidimicrobiales,Ilumatobacteraceae,Casp-actino5,Casp-actino5 sp001510385
TAX_434,Bacteria,Actinobacteriota,Acidimicrobiia,Acidimicrobiales,MedAcidi-G1,MedAcidi-G1,MedAcidi-G1 sp002299135
TAX_435,Bacteria,Actinobacteriota,Acidimicrobiia,Acidimicrobiales,MedAcidi-G1,MedAcidi-G1,MedAcidi-G1 sp002716285
TAX_436,Bacteria,Actinobacteriota,Acidimicrobiia,Acidimicrobiales,MedAcidi-G1,S20-B6,S20-B6 sp002699725
TAX_437,Bacteria,Actinobacteriota,Acidimicrobiia,Acidimicrobiales,MedAcidi-G1,UBA9410,UBA9410 sp002714485
TAX_438,Bacteria,Actinobacteriota,Acidimicrobiia,Actinomarinales,Actinomarinaceae,Actinomarina,Actinomarina sp014384285
TAX_439,Bacteria,Bacteroidota,Bacteroidia,Cytophagales,Marinoscillaceae,MED-G16,MED-G16 sp002457315
TAX_440,Bacteria,Bacteroidota,Bacteroidia,Flavobacteriales,Flavobacteriaceae,MS024-2A,MS024-2A sp010031465
TAX_441,Bacteria,Bacteroidota,Bacteroidia,Flavobacteriales,Schleiferiaceae,UBA10364,UBA10364 sp003023665
TAX_442,Bacteria,Bacteroidota,Bacteroidia,Flavobacteriales,UA16,UBA11663,UBA11663 sp002469765
TAX_443,Bacteria,Bacteroidota,Bacteroidia,Flavobacteriales,UA16,UBA974,UBA974 sp002292405
TAX_444,Bacteria,Chloroflexota,Dehalococcoidia,UBA1151,Bin127,GCA-002725925,GCA-002725925 sp009392785
TAX_445,Bacteria,Chloroflexota,Dehalococcoidia,UBA1151,TMED-70,TMED-70,TMED-70 sp009937255
TAX_446,Bacteria,Chloroflexota,Dehalococcoidia,UBA1151,UBA1151,GCA-2730555,GCA-2730555 sp014239685
TAX_447,Bacteria,Cyanobacteria,Cyanobacteriia,PCC-6307,Cyanobiaceae,Prochlorococcus,Prochlorococcus sp003214695
TAX_448,Bacteria,Cyanobacteria,Cyanobacteriia,PCC-6307,Cyanobiaceae,Prochlorococcus,Prochlorococcus sp003279445
TAX_449,Bacteria,Cyanobacteria,Cyanobacteriia,PCC-6307,Cyanobiaceae,Prochlorococcus_B,Prochlorococcus_B sp003283685
TAX_450,Bacteria,Cyanobacteria,Cyanobacteriia,PCC-6307,Cyanobiaceae,Prochlorococcus_B,Prochlorococcus_B sp003283745
TAX_451,Bacteria,Cyanobacteria,Cyanobacteriia,PCC-6307,Cyanobiaceae,Prochlorococcus_B,Prochlorococcus_B sp003284375
TAX_452,Bacteria,Cyanobacteria,Cyanobacteriia,PCC-6307,Cyanobiaceae,Synechococcus_C,Synechococcus_C sp002171995
TAX_453,Bacteria,Desulfobacterota_D,UBA1144,UBA1144,UBA1144,TMED58,TMED58 sp002701865
TAX_454,Bacteria,Gemmatimonadota,Gemmatimonadetes,Longimicrobiales,UBA6960,UBA1138,UBA1138 sp009937285
TAX_455,Bacteria,Margulisbacteria,Marinamargulisbacteria,UBA6595,UBA6595,UBA6595,UBA6595 sp002433595
TAX_456,Bacteria,Marinisomatota,Marinisomatia,Marinisomatales,Marinisomataceae,Marinisoma,Marinisoma sp014240005
TAX_457,Bacteria,Marinisomatota,Marinisomatia,Marinisomatales,UBA1611,TMED80,TMED80 sp002713885
TAX_458,Bacteria,Myxococcota,UBA9160,UBA9160,UBA4427,UBA4427,UBA4427 sp002390675
TAX_459,Bacteria,Nitrospinota,Nitrospinia,Nitrospinales,Nitrospinaceae,LS-NOB,LS-NOB sp002705185
TAX_460,Bacteria,Nitrospinota,Nitrospinia,Nitrospinales,Nitrospinaceae,SCGCAAA288-L16,SCGCAAA288-L16 sp000372225
TAX_461,Bacteria,Nitrospinota,Nitrospinia,Nitrospinales,Nitrospinaceae,UBA8687,UBA8687 sp013349585
TAX_462,Bacteria,Planctomycetota,Planctomycetes,Pirellulales,Pirellulaceae,UBA721,UBA721 sp002698965
TAX_463,Bacteria,Planctomycetota,UBA8108,UBA1146,UBA1146,UBA12191,UBA12191 sp002691835
TAX_464,Bacteria,Proteobacteria,Alphaproteobacteria,HIMB59,GCA-002718135,AG-337-I02,AG-337-I02 sp902512325
TAX_465,Bacteria,Proteobacteria,Alphaproteobacteria,HIMB59,HIMB59,HIMB59,HIMB59 sp008638215
TAX_466,Bacteria,Proteobacteria,Alphaproteobacteria,Parvibaculales,RS24,Micropelagos,Micropelagos sp003535555
TAX_467,Bacteria,Proteobacteria,Alphaproteobacteria,Pelagibacterales,Pelagibacteraceae,Pelagibacter,Pelagibacter sp001438335
TAX_468,Bacteria,Proteobacteria,Alphaproteobacteria,Pelagibacterales,Pelagibacteraceae,Pelagibacter,Pelagibacter sp008638165
TAX_469,Bacteria,Proteobacteria,Alphaproteobacteria,Pelagibacterales,Pelagibacteraceae,Pelagibacter_A,Pelagibacter_A sp902590845
TAX_470,Bacteria,Proteobacteria,Alphaproteobacteria,Puniceispirillales,Puniceispirillaceae,UBA8309,UBA8309 sp002457765
TAX_471,Bacteria,Proteobacteria,Alphaproteobacteria,Rhizobiales_B,TMED25,TMED25,TMED25 sp002168075
TAX_472,Bacteria,Proteobacteria,Alphaproteobacteria,Rhodobacterales,Rhodobacteraceae,CABZJG01,CABZJG01 sp004213125
TAX_473,Bacteria,Proteobacteria,Alphaproteobacteria,Rhodobacterales,Rhodobacteraceae,CABZJG01,CABZJG01 sp902512685
TAX_474,Bacteria,Proteobacteria,Alphaproteobacteria,Rhodobacterales,Rhodobacteraceae,CACKLF01,CACKLF01 sp002725175
TAX_475,Bacteria,Proteobacteria,Alphaproteobacteria,Rhodobacterales,Rhodobacteraceae,GCA-002712045,GCA-002712045 sp002712045
TAX_476,Bacteria,Proteobacteria,Alphaproteobacteria,Rhodobacterales,Rhodobacteraceae,HIMB11,HIMB11 sp009920225
TAX_477,Bacteria,Proteobacteria,Alphaproteobacteria,Rhodospirillales,Casp-alpha2,UBA3470,UBA3470 sp002378125
TAX_478,Bacteria,Proteobacteria,Alphaproteobacteria,Sphingomonadales,Sphingomonadaceae,Erythrobacter_A,Erythrobacter_A citreus
TAX_479,Bacteria,Proteobacteria,Alphaproteobacteria,TMED109,TMED109,TMED109,TMED109 sp002171375
TAX_480,Bacteria,Proteobacteria,Alphaproteobacteria,Thalassobaculales,Nisaeaceae,UBA7326,UBA7326 sp003212315
TAX_481,Bacteria,Proteobacteria,Alphaproteobacteria,Thalassobaculales,Nisaeaceae,UBA7326,UBA7326 sp003284265
TAX_482,Bacteria,Proteobacteria,Gammaproteobacteria,Arenicellales,UBA868,REDSEA-S09-B13,REDSEA-S09-B13 sp002456995
TAX_483,Bacteria,Proteobacteria,Gammaproteobacteria,Arenicellales,UBA868,UBA11791,UBA11791 sp012960345
TAX_484,Bacteria,Proteobacteria,Gammaproteobacteria,Enterobacterales,Alteromonadaceae,Alteromonas,Alteromonas mediterranea
TAX_485,Bacteria,Proteobacteria,Gammaproteobacteria,Enterobacterales,Alteromonadaceae,Alteromonas_A,Alteromonas_A sp002691625
TAX_486,Bacteria,Proteobacteria,Gammaproteobacteria,Enterobacterales,Alteromonadaceae,Paraglaciecola,Paraglaciecola chathamensis
TAX_487,Bacteria,Proteobacteria,Gammaproteobacteria,Enterobacterales,Alteromonadaceae,Pseudoalteromonas,Pseudoalteromonas marina
TAX_488,Bacteria,Proteobacteria,Gammaproteobacteria,Enterobacterales,Alteromonadaceae,Pseudoalteromonas,Pseudoalteromonas undina
TAX_489,Bacteria,Proteobacteria,Gammaproteobacteria,Enterobacterales,Vibrionaceae,Vibrio,Vibrio lentus
TAX_490,Bacteria,Proteobacteria,Gammaproteobacteria,PS1,Thioglobaceae,Thioglobus,Thioglobus sp000213395
TAX_491,Bacteria,Proteobacteria,Gammaproteobacteria,PS1,Thioglobaceae,Thioglobus,Thioglobus sp000372785
TAX_492,Bacteria,Proteobacteria,Gammaproteobacteria,PS1,Thioglobaceae,Thioglobus,Thioglobus sp002698045
TAX_493,Bacteria,Proteobacteria,Gammaproteobacteria,PS1,Thioglobaceae,Thioglobus,Thioglobus sp002711905
TAX_494,Bacteria,Proteobacteria,Gammaproteobacteria,PS1,Thioglobaceae,Thioglobus,Thioglobus sp902511025
TAX_495,Bacteria,Proteobacteria,Gammaproteobacteria,PS1,Thioglobaceae,Thioglobus,Thioglobus sp902512305
TAX_496,Bacteria,Proteobacteria,Gammaproteobacteria,PS1,Thioglobaceae,Thioglobus,Thioglobus sp902606745
TAX_497,Bacteria,Proteobacteria,Gammaproteobacteria,Pseudomonadales,HTCC2089,UBA4421,UBA4421 sp002704325
TAX_498,Bacteria,Proteobacteria,Gammaproteobacteria,Pseudomonadales,HTCC2089,UBA4421,UBA4421 sp002725095
TAX_499,Bacteria,Proteobacteria,Gammaproteobacteria,Pseudomonadales,HTCC2089,UBA4421,UBA4421 sp002726925
TAX_500,Bacteria,Proteobacteria,Gammaproteobacteria,Pseudomonadales,HTCC2089,UBA4421,UBA4421 sp002731575
TAX_501,Bacteria,Proteobacteria,Gammaproteobacteria,Pseudomonadales,HTCC2089,UBA4421,UBA4421 sp009936895
TAX_502,Bacteria,Proteobacteria,Gammaproteobacteria,Pseudomonadales,HTCC2089,UBA9659,UBA9659 sp012961165
TAX_503,Bacteria,Proteobacteria,Gammaproteobacteria,Pseudomonadales,HTCC2089,UBA9926,UBA9926 sp002689445
TAX_504,Bacteria,Proteobacteria,Gammaproteobacteria,Pseudomonadales,HTCC2089,UBA9926,UBA9926 sp002697205
TAX_505,Bacteria,Proteobacteria,Gammaproteobacteria,Pseudomonadales,Halomonadaceae,Halomonas_C,Halomonas_C zincidurans
TAX_506,Bacteria,Proteobacteria,Gammaproteobacteria,Pseudomonadales,Pseudohongiellaceae,UBA9145,UBA9145 sp002457215
TAX_507,Bacteria,Proteobacteria,Gammaproteobacteria,Pseudomonadales,Pseudohongiellaceae,UBA9145,UBA9145 sp002684935
TAX_508,Bacteria,Proteobacteria,Gammaproteobacteria,Pseudomonadales,Pseudohongiellaceae,UBA9145,UBA9145 sp002712055
TAX_509,Bacteria,Proteobacteria,Gammaproteobacteria,SAR86,AG-339-G14,AG-339-G14,AG-339-G14 sp902522825
TAX_510,Bacteria,Proteobacteria,Gammaproteobacteria,SAR86,AG-339-G14,MEDG-81,MEDG-81 sp003331625
TAX_511,Bacteria,Proteobacteria,Gammaproteobacteria,SAR86,D2472,D2472,D2472 sp902509555
TAX_512,Bacteria,Proteobacteria,Gammaproteobacteria,SAR86,SAR86,AEGEAN-183,AEGEAN-183 sp001628005
TAX_513,Bacteria,Proteobacteria,Gammaproteobacteria,SAR86,SAR86,GCA-2730855,GCA-2730855 sp902514295
TAX_514,Bacteria,Proteobacteria,Gammaproteobacteria,SAR86,SAR86,GCA-2730855,GCA-2730855 sp902532675
TAX_515,Bacteria,Proteobacteria,Gammaproteobacteria,UBA4486,UBA4486,UBA11869,UBA11869 sp014239225
TAX_516,Bacteria,Proteobacteria,Gammaproteobacteria,Woeseiales,Woeseiaceae,SP4260,SP4260 sp003331585
TAX_517,Bacteria,SAR324,SAR324,SAR324,NAC60-12,Arctic96AD-7,Arctic96AD-7 sp000213335
TAX_518,Bacteria,SAR324,SAR324,SAR324,NAC60-12,Arctic96AD-7,Arctic96AD-7 sp002082305
TAX_519,Bacteria,SAR324,SAR324,SAR324,NAC60-12,Arctic96AD-7,Arctic96AD-7 sp902513935
TAX_520,Bacteria,SAR324,SAR324,SAR324,NAC60-12,JCVI-SCAAA005,JCVI-SCAAA005 sp002683655
TAX_521,Bacteria,Verrucomicrobiota,Verrucomicrobiae,Opitutales,DSM-45221,BACL24,BACL24 sp002292345
TAX_522,Bacteria,Verrucomicrobiota,Verrucomicrobiae,Opitutales,DSM-45221,UBA7441,UBA7441 sp003331195
TAX_523,Bacteria,Verrucomicrobiota,Verrucomicrobiae,Opitutales,DSM-45221,UBA7441,UBA7441 sp902587165
TAX_524,Bacteria,Verrucomicrobiota,Verrucomicrobiae,Opitutales,MB11C04,GCA-2730975,GCA-2730975 sp002730975
TAX_525,Bacteria,Verrucomicrobiota,Verrucomicrobiae,Opitutales,Opitutaceae,UBA5691,UBA5691 sp002420265
TAX_526,Bacteria,Verrucomicrobiota,Verrucomicrobiae,Pedosphaerales,AAA164-E04,AAA164-E04,AAA164-E04 sp000383715
TAX_527,Bacteria,Verrucomicrobiota,Verrucomicrobiae,Pedosphaerales,AAA164-E04,AAA164-E04,AAA164-E04 sp002690655
TAX_528,Bacteria,Verrucomicrobiota,Verrucomicrobiae,Pedosphaerales,UBA1096,UBA1096,UBA1096 sp002299785
TAX_529,Bacteria,Verrucomicrobiota,Verrucomicrobiae,Pedosphaerales,UBA1096,UBA1096,UBA1096 sp003972865
TAX_530,Bacteria,Verrucomicrobiota,Verrucomicrobiae,Pedosphaerales,UBA1100,JACNJL01,JACNJL01 sp014382585
TAX_531,Bacteria,Verrucomicrobiota,Verrucomicrobiae,Pedosphaerales,UBA1100,UBA1100,UBA1100 sp003517285
TAX_532,Bacteria,Verrucomicrobiota,Verrucomicrobiae,Pedosphaerales,UBA1100,UBA1100,UBA1100 sp011523245
TAX_533,,,,,,,
TAX_534,,,,,,,
TAX_535,,,,,,,