,Domain,Phylum,Class,Order,Family,Genus,Species
TAX_1,Eukrayota,Ciliophora,Litostomatea,Cyclotrichiida,Mesodiniidae,Mesodinium,Mesodinium pulex
TAX_2,Eukrayota,Ciliophora,Spirotrichea,Tintinnida,Ptychocylididae,Favella,Favella ehrenbergii
TAX_3,Eukrayota,Dinophyta,Dinophyceae,Gonyualacales,Crypthecodiniacea,Crypthecodinium,Crypthecodinium cohnii
TAX_4,Eukrayota,Dinophyta,Dinophyceae,Gonyualacales,Goniodomataceae,Alexandrium,Alexandrium tamarense
TAX_5,Eukrayota,Dinophyta,Dinophyceae,Suessiales,Suessiaceae,Pelagodinium,Pelagodinium bii
TAX_6,Eukrayota,Dinophyta,Dinophyceae,Suessiales,Suessiaceae,Polarella,Polarella glacialis
TAX_7,Eukrayota,Cryptophyta,Cryptophyceae,Cryptomonadales,Hemiselmidaceae,Hemiselmis,Hemiselmis rufescens
TAX_8,Eukrayota,Cryptophyta,Cryptophyceae,Pyrenomonadales,Geminigeracea,Geminigera,Geminigera sp.
TAX_9,Eukrayota,Haptophyta,Prymnesiophyceae,Coccolithales,Coccolithaceae,Coccolithus,Coccolithus pelagicusssp.braarudi
TAX_10,Eukrayota,Haptophyta,Prymnesiophyceae,Isochrysidales,Isochrysidaceae,Isochrysis,Isochrysis sp.
TAX_11,Eukrayota,Haptophyta,Prymnesiophyceae,Isochrysidales,Noelaerhabdaceae,Emiliania,Emiliania huxleyi
TAX_12,Eukrayota,Haptophyta,Prymnesiophyceae,Isochrysidales,Noelaerhabdaceae,Gephyrocapsa,Gephyrocapsa oceanica
TAX_13,Eukrayota,Haptophyta,Prymnesiophyceae,Phaeocystales,Phaeocystaceae,Phaeocystis,Phaeocystis antarctica
TAX_14,Eukrayota,Haptophyta,Prymnesiophyceae,Phaeocystales,Phaeocystaceae,Phaeocystis,Phaeocystis cordata
TAX_15,Eukrayota,Haptophyta,Prymnesiophyceae,Phaeocystales,Phaeocystacear,Phaeocystis,Phaeocystis sp.
TAX_16,Eukrayota,Haptophyta,Prymnesiophyceae,Prymnesiales,Prymnesiaceae,Chrysochromulina,Chrysochromulina brevifilum
TAX_17,Eukrayota,Haptophyta,Prymnesiophyceae,Prymnesiales,Prymnesiaceae,Chrysochromulina,Chrysochromulina ericina
TAX_18,Eukrayota,Haptophyta,Prymnesiophyceae,Prymnesiales,Prymnesiaceae,Chrysochromulina,Chrysochromulina polylepis
TAX_19,Eukrayota,Haptophyta,Prymnesiophyceae,Prymnesiales,Prymnesiaceae,Chrysochromulina,Chrysochromulina rotalis
TAX_20,Eukrayota,Haptophyta,Prymnesiophyceae,Prymnesiales,Prymnesiaceae,Imantonia,Imantonia sp.
TAX_21,Eukrayota,Sarcomastigophora,Zoomastigophora,Choanoflagellida,Acanthoecidae,Acanthoeca-like,Acanthoeca-like sp.
TAX_22,Eukrayota,Bacillariophyta,Bacillariophyceae,Bacillariales,Bacillariaceae,Fragilariopsis,Fragilariopsis kerguelensis
TAX_23,Eukrayota,Bacillariophyta,Bacillariophyceae,Bacillariales,Bacillariaceae,Nitzschia,Nitzschia sp.
TAX_24,Eukrayota,Bacillariophyta,Bacillariophyceae,Bacillariales,Bacillariaceae,Pseudo-nitzschia,Pseudo-nitzschia australis
TAX_25,Eukrayota,Bacillariophyta,Bacillariophyceae,Bacillariales,Bacillariaceae,Pseudo-nitzschia,Pseudo-nitzschia delicatissima
TAX_26,Eukrayota,Bacillariophyta,Bacillariophyceae,Bacillariales,Bacillariaceae,Pseudo-nitzschia,Pseudo-nitzschia fraudulenta
TAX_27,Eukrayota,Bacillariophyta,Bacillariophyceae,Bacillariales,Bacillariaceae,Pseudo-nitzschia,Pseudo-nitzschia heimii
TAX_28,Eukrayota,Bacillariophyta,Bacillariophyceae,Bacillariales,Bacillariaceae,Pseudo-nitzschia,Pseudo-nitzschia pungens
TAX_29,Eukrayota,Bacillariophyta,Coscinodiscophyceae,Chaetocerotales,Chaetocerotaceae,Chaetoceros,Chaetoceros neogracile
TAX_30,Eukrayota,Bacillariophyta,Coscinodiscophyceae,Chaetocerotales,Chaetocerotaceae,Chaetoceros,Chaetoceros sp.
TAX_31,Eukrayota,Bacillariophyta,Coscinodiscophyceae,Cymatosirales,Cymatosiraceae,Minutocellus,Minutocellus polymorphus
TAX_32,Eukrayota,Bacillariophyta,Coscinodiscophyceae,Lithodesmidales,Lithodesmiaceae,Ditylum,Ditylum brightwellii
TAX_33,Eukrayota,Bacillariophyta,Coscinodiscophyceae,Rhizosoleniales,Rhizosoleniaceae,Proboscia,Proboscia inermis
TAX_34,Eukrayota,Bacillariophyta,Coscinodiscophyceae,Thalassiosirales,Skeletonemaceae,Minutocellus,Minutocellus polymorphus
TAX_35,Eukrayota,Bacillariophyta,Coscinodiscophyceae,Thalassiosirales,Skeletonemaceae,Skeletonema,Skeletonema costatum
TAX_36,Eukrayota,Bacillariophyta,Coscinodiscophyceae,Thalassiosirales,Skeletonemaceae,Skeletonema,Skeletonema japonicum
TAX_37,Eukrayota,Bacillariophyta,Coscinodiscophyceae,Thalassiosirales,Skeletonemaceae,Thalassiosira,Thalassiosira miniscula
TAX_38,Eukrayota,Bacillariophyta,Coscinodiscophyceae,Thalassiosirales,Skeletonemaceae,Thalassiosira,Thalassiosira oceanica
TAX_39,Eukrayota,Bacillariophyta,Coscinodiscophyceae,Thalassiosirales,Skeletonemaceae,Thalassiosira,Thalassiosira rotula
TAX_40,Eukrayota,Bacillariophyta,Coscinodiscophyceae,Thalassiosirales,Skeletonemaceae,Thalassiosira,Thalassiosira sp.
TAX_41,Eukrayota,Bacillariophyta,Fragilariophyceae,Fragilariales,Fragilariaceae,Asterionellopsis,Asterionellopsis glacialis
TAX_42,Eukrayota,Bacillariophyta,Fragilariophyceae,Thalassionematales,Thalassionemataceae,Thalassionema,Thalassionema nitzschioides
TAX_43,Eukrayota,Ochrophyta,Dictyochophyceae,Dictyochales,Dictyochaceae,Dictyocha,Dictyocha speculum
TAX_44,Eukrayota,Ochrophyta,Dictyochophyceae,Florenciellales,Florenciellales,Florenciella,Florenciella parvula
TAX_45,Eukrayota,Ochrophyta,Dictyochophyceae,Florenciellales,Florenciellales,Florenciella,Florenciella sp.
TAX_46,Eukrayota,Ochrophyta,Dictyochophyceae,Florenciellales,Florenciellalesincertaesedis,Florenciella,Florenciella parvula
TAX_47,Eukrayota,Ochrophyta,Pelagophyceae,Pelagomonadales,Pelagomonadaceae,Pelagomonas,Pelagomonas calceolata
TAX_48,Eukrayota,Ochrophyta,Pelagophyceae,Pelagomonadales,Pelagomonodaceae,Aureococcus,Aureococcus anophagefferens
TAX_49,Eukrayota,Ochrophyta,Pelagophyceae,Pelagomonadales,Pelagomonodaceae,Pelagococcus,Pelagococcus subviridis
TAX_50,Eukrayota,Ochrophyta,Pelagophyceae,Pelagomonadales,Pelagomonodaceae,Pelagomonas,Pelagomonas calceolata
TAX_51,Eukrayota,Ochrophyta,Pelagophyceae,unassigned,Unknown,Unidentifiedeukaryote,Unidentifiedeukaryote sp.
TAX_52,Eukrayota,Ochrophyta,Pinguiophyceae,Pinguiochrysidales,Pinguiochrysidaceae,Phaeomonas,Phaeomonas parva
TAX_53,Eukrayota,Ochrophyta,Raphidophyceae,Chattonellales,Chattonellaceae,Heterosigma,Heterosigma akashiwo
TAX_54,Eukrayota,Unknown,Unknown,Unknown,Unknown,Unidentifiedeukaryote,Unidentifiedeukaryote sp.
TAX_55,Eukrayota,Chlorophyta,Mamiellophyceae,Mamiellales,Bathycoccaceae,Bathycoccus,Bathycoccus prasinos
TAX_56,Eukrayota,Chlorophyta,Prasinophyceae,Mamiellales,Bathycoccaceae,Bathycoccus,Bathycoccus prasinos
TAX_57,Eukrayota,Chlorophyta,Prasinophyceae,Mamiellales,Mamiellaceae,Bathycoccus,Bathycoccus prasinos
TAX_58,Eukrayota,Chlorophyta,Prasinophyceae,Mamiellales,Mamiellaceae,Micromonas,Micromonas pusilla
TAX_59,Eukrayota,Chlorophyta,Prasinophyceae,Mamiellales,Mamiellaceae,Micromonas,Micromonas sp.
TAX_60,Eukrayota,Chlorophyta,Prasinophyceae,Mamiellales,Mamiellaceae,Ostreococcus,Ostreococcus lucimarinus
TAX_61,Eukrayota,Chlorophyta,Prasinophyceae,Mamiellales,Mamiellaceae,Ostreococcus,Ostreococcus mediterraneus
TAX_62,Eukrayota,Chlorophyta,Prasinophyceae,Pseudoscourfieldiales,Pycnococcaceae,Prasinoderma,Prasinoderma singularis
TAX_63,Eukrayota,Chlorophyta,Prasinophyceae,Pseudoscourfieldiales,Pycnococcaceae,Pycnococcus,Pycnococcus provasolii
TAX_64,Eukrayota,Chlorophyta,Prasinophyceae,Pseudoscourfieldiales,Pyncnococcaceae,Pycnococcus,Pycnococcus sp
TAX_65,Eukrayota,Chlorophyta,Trebouxiophyceae,unassigned,Trebouxiophyceaeincertaesedis,Picochlorum,Picochlorum sp.
TAX_66,Archaea,Thermoplasmatota,Poseidoniia,MGIII,CG-Epi1,CG-Epi1,CG-Epi1 sp002497685
TAX_67,Archaea,Thermoplasmatota,Poseidoniia,MGIII,CG-Epi1,CG-Epi1,CG-Epi1 sp014240055
TAX_68,Archaea,Thermoplasmatota,Poseidoniia,MGIII,CG-Epi1,CG-Epi1,CG-Epi1 sp014240255
TAX_69,Archaea,Thermoplasmatota,Poseidoniia,Poseidoniales,Poseidoniaceae,MGIIa-K1,MGIIa-K1 sp002701145
TAX_70,Archaea,Thermoplasmatota,Poseidoniia,Poseidoniales,Poseidoniaceae,MGIIa-K1,MGIIa-K1 sp009936765
TAX_71,Archaea,Thermoplasmatota,Poseidoniia,Poseidoniales,Poseidoniaceae,MGIIa-L1,MGIIa-L1 sp000246735
TAX_72,Archaea,Thermoplasmatota,Poseidoniia,Poseidoniales,Poseidoniaceae,MGIIa-L1,MGIIa-L1 sp002172355
TAX_73,Archaea,Thermoplasmatota,Poseidoniia,Poseidoniales,Poseidoniaceae,MGIIa-L1,MGIIa-L1 sp002495535
TAX_74,Archaea,Thermoplasmatota,Poseidoniia,Poseidoniales,Poseidoniaceae,MGIIa-L1,MGIIa-L1 sp002502605
TAX_75,Archaea,Thermoplasmatota,Poseidoniia,Poseidoniales,Poseidoniaceae,MGIIa-L1,MGIIa-L1 sp002688825
TAX_76,Archaea,Thermoplasmatota,Poseidoniia,Poseidoniales,Poseidoniaceae,MGIIa-L1,MGIIa-L1 sp002726395
TAX_77,Archaea,Thermoplasmatota,Poseidoniia,Poseidoniales,Poseidoniaceae,MGIIa-L1,MGIIa-L1 sp003602605
TAX_78,Archaea,Thermoplasmatota,Poseidoniia,Poseidoniales,Poseidoniaceae,MGIIa-L1,MGIIa-L1 sp003602645
TAX_79,Archaea,Thermoplasmatota,Poseidoniia,Poseidoniales,Poseidoniaceae,MGIIa-L1,MGIIa-L1 sp009887095
TAX_80,Archaea,Thermoplasmatota,Poseidoniia,Poseidoniales,Poseidoniaceae,MGIIa-L1,MGIIa-L1 sp009887195
TAX_81,Archaea,Thermoplasmatota,Poseidoniia,Poseidoniales,Poseidoniaceae,MGIIa-L1,MGIIa-L1 sp009937025
TAX_82,Archaea,Thermoplasmatota,Poseidoniia,Poseidoniales,Poseidoniaceae,MGIIa-L1,MGIIa-L1 sp018659375
TAX_83,Archaea,Thermoplasmatota,Poseidoniia,Poseidoniales,Poseidoniaceae,MGIIa-L1,MGIIa-L1 sp018667575
TAX_84,Archaea,Thermoplasmatota,Poseidoniia,Poseidoniales,Poseidoniaceae,MGIIa-L1,MGIIa-L1 sp018691345
TAX_85,Archaea,Thermoplasmatota,Poseidoniia,Poseidoniales,Poseidoniaceae,MGIIa-L1,MGIIa-L1 sp018701175
TAX_86,Archaea,Thermoplasmatota,Poseidoniia,Poseidoniales,Poseidoniaceae,MGIIa-L2,MGIIa-L2 sp009887135
TAX_87,Archaea,Thermoplasmatota,Poseidoniia,Poseidoniales,Poseidoniaceae,MGIIa-L2,MGIIa-L2 sp016777125
TAX_88,Archaea,Thermoplasmatota,Poseidoniia,Poseidoniales,Poseidoniaceae,MGIIa-L2,MGIIa-L2 sp018645535
TAX_89,Archaea,Thermoplasmatota,Poseidoniia,Poseidoniales,Poseidoniaceae,MGIIa-L2,MGIIa-L2 sp018666575
TAX_90,Archaea,Thermoplasmatota,Poseidoniia,Poseidoniales,Poseidoniaceae,MGIIa-L3,MGIIa-L3 sp002496845
TAX_91,Archaea,Thermoplasmatota,Poseidoniia,Poseidoniales,Poseidoniaceae,Poseidonia,Poseidonia sp002726495
TAX_92,Archaea,Thermoplasmatota,Poseidoniia,Poseidoniales,Poseidoniaceae,Poseidonia,Poseidonia sp018662715
TAX_93,Archaea,Thermoplasmatota,Poseidoniia,Poseidoniales,Poseidoniaceae,Poseidonia,Poseidonia sp8339u
TAX_94,Archaea,Thermoplasmatota,Poseidoniia,Poseidoniales,Thalassarchaeaceae,MGIIb-N1,MGIIb-N1 sp002497295
TAX_95,Archaea,Thermoplasmatota,Poseidoniia,Poseidoniales,Thalassarchaeaceae,MGIIb-N2,MGIIb-N2 sp002506875
TAX_96,Archaea,Thermoplasmatota,Poseidoniia,Poseidoniales,Thalassarchaeaceae,MGIIb-O1,MGIIb-O1 sp002457595
TAX_97,Archaea,Thermoplasmatota,Poseidoniia,Poseidoniales,Thalassarchaeaceae,MGIIb-O1,MGIIb-O1 sp002497895
TAX_98,Archaea,Thermoplasmatota,Poseidoniia,Poseidoniales,Thalassarchaeaceae,MGIIb-O1,MGIIb-O1 sp8684u
TAX_99,Archaea,Thermoplasmatota,Poseidoniia,Poseidoniales,Thalassarchaeaceae,MGIIb-O2,MGIIb-O2 sp002494975
TAX_100,Archaea,Thermoplasmatota,Poseidoniia,Poseidoniales,Thalassarchaeaceae,MGIIb-O2,MGIIb-O2 sp002495525
TAX_101,Archaea,Thermoplasmatota,Poseidoniia,Poseidoniales,Thalassarchaeaceae,MGIIb-O2,MGIIb-O2 sp002498985
TAX_102,Archaea,Thermoplasmatota,Poseidoniia,Poseidoniales,Thalassarchaeaceae,MGIIb-O2,MGIIb-O2 sp002685315
TAX_103,Archaea,Thermoplasmatota,Poseidoniia,Poseidoniales,Thalassarchaeaceae,MGIIb-O2,MGIIb-O2 sp016777225
TAX_104,Archaea,Thermoplasmatota,Poseidoniia,Poseidoniales,Thalassarchaeaceae,MGIIb-O2,MGIIb-O2 sp902511005
TAX_105,Archaea,Thermoplasmatota,Poseidoniia,Poseidoniales,Thalassarchaeaceae,MGIIb-O2,MGIIb-O2 sp902514485
TAX_106,Archaea,Thermoplasmatota,Poseidoniia,Poseidoniales,Thalassarchaeaceae,MGIIb-O3,MGIIb-O3 sp002457155
TAX_107,Archaea,Thermoplasmatota,Poseidoniia,Poseidoniales,Thalassarchaeaceae,MGIIb-O3,MGIIb-O3 sp002503285
TAX_108,Archaea,Thermoplasmatota,Poseidoniia,Poseidoniales,Thalassarchaeaceae,MGIIb-O3,MGIIb-O3 sp002683155
TAX_109,Archaea,Thermoplasmatota,Poseidoniia,Poseidoniales,Thalassarchaeaceae,MGIIb-O3,MGIIb-O3 sp002731195
TAX_110,Archaea,Thermoplasmatota,Poseidoniia,Poseidoniales,Thalassarchaeaceae,MGIIb-O3,MGIIb-O3 sp003602515
TAX_111,Archaea,Thermoplasmatota,Poseidoniia,Poseidoniales,Thalassarchaeaceae,MGIIb-O3,MGIIb-O3 sp014239955
TAX_112,Archaea,Thermoplasmatota,Poseidoniia,Poseidoniales,Thalassarchaeaceae,MGIIb-O5,MGIIb-O5 sp002496725
TAX_113,Archaea,Thermoplasmatota,Poseidoniia,Poseidoniales,Thalassarchaeaceae,MGIIb-O5,MGIIb-O5 sp002497985
TAX_114,Archaea,Thermoplasmatota,Poseidoniia,Poseidoniales,Thalassarchaeaceae,MGIIb-O5,MGIIb-O5 sp002499345
TAX_115,Archaea,Thermoplasmatota,Poseidoniia,Poseidoniales,Thalassarchaeaceae,MGIIb-O5,MGIIb-O5 sp002506825
TAX_116,Archaea,Thermoplasmatota,Poseidoniia,Poseidoniales,Thalassarchaeaceae,MGIIb-O5,MGIIb-O5 sp002726275
TAX_117,Archaea,Thermoplasmatota,Poseidoniia,Poseidoniales,Thalassarchaeaceae,MGIIb-P,MGIIb-P sp002457195
TAX_118,Archaea,Thermoplasmatota,Poseidoniia,Poseidoniales,Thalassarchaeaceae,Thalassarchaeum,Thalassarchaeum sp002457605
TAX_119,Archaea,Thermoplasmatota,Poseidoniia,Poseidoniales,Thalassarchaeaceae,Thalassarchaeum,Thalassarchaeum sp014240285
TAX_120,Archaea,Thermoproteota,Nitrososphaeria,Nitrososphaerales,Nitrosopumilaceae,Nitrosopelagicus,Nitrosopelagicus brevis
TAX_121,Archaea,Thermoproteota,Nitrososphaeria,Nitrososphaerales,Nitrosopumilaceae,Nitrosopelagicus,Nitrosopelagicus sp000402075
TAX_122,Archaea,Thermoproteota,Nitrososphaeria,Nitrososphaerales,Nitrosopumilaceae,Nitrosopelagicus,Nitrosopelagicus sp013390745
TAX_123,Archaea,Thermoproteota,Nitrososphaeria,Nitrososphaerales,Nitrosopumilaceae,Nitrosopelagicus,Nitrosopelagicus sp013390785
TAX_124,Archaea,Thermoproteota,Nitrososphaeria,Nitrososphaerales,Nitrosopumilaceae,Nitrosopelagicus,Nitrosopelagicus sp018647405
TAX_125,Archaea,Thermoproteota,Nitrososphaeria,Nitrososphaerales,Nitrosopumilaceae,Nitrosopelagicus,Nitrosopelagicus sp018691945
TAX_126,Archaea,Thermoproteota,Nitrososphaeria,Nitrososphaerales,Nitrosopumilaceae,Nitrosopelagicus,Nitrosopelagicus sp902512865
TAX_127,Archaea,Thermoproteota,Nitrososphaeria,Nitrososphaerales,Nitrosopumilaceae,Nitrosopumilus,Nitrosopumilus catalinensis
TAX_128,Archaea,Thermoproteota,Nitrososphaeria,Nitrososphaerales,Nitrosopumilaceae,Nitrosopumilus,Nitrosopumilus sp001437625
TAX_129,Archaea,Thermoproteota,Nitrososphaeria,Nitrososphaerales,Nitrosopumilaceae,Nitrosopumilus,Nitrosopumilus sp001541925
TAX_130,Archaea,Thermoproteota,Nitrososphaeria,Nitrososphaerales,Nitrosopumilaceae,Nitrosopumilus,Nitrosopumilus sp002690535
TAX_131,Archaea,Thermoproteota,Nitrososphaeria,Nitrososphaerales,Nitrosopumilaceae,Nitrosopumilus,Nitrosopumilus sp902514095
TAX_132,Archaea,Thermoproteota,Nitrososphaeria,Nitrososphaerales,Nitrosopumilaceae,Nitrosopumilus,Nitrosopumilus sp902514275
TAX_133,Archaea,Thermoproteota,Nitrososphaeria,Nitrososphaerales,Nitrosopumilaceae,Nitrosopumilus,Nitrosopumilus sp905612485
TAX_134,Archaea,Thermoproteota,Nitrososphaeria,Nitrososphaerales,Nitrosopumilaceae,Nitrosopumilus,Nitrosopumilus sp905616385
TAX_135,Bacteria,Acidobacteriota,Vicinamibacteria,Vicinamibacterales,UBA8438,DTWD01,DTWD01 sp012963185
TAX_136,Bacteria,Actinobacteriota,Acidimicrobiia,Acidimicrobiales,Ilumatobacteraceae,Casp-actino5,Casp-actino5 sp001510385
TAX_137,Bacteria,Actinobacteriota,Acidimicrobiia,Acidimicrobiales,Ilumatobacteraceae,Casp-actino5,Casp-actino5 sp002501485
TAX_138,Bacteria,Actinobacteriota,Acidimicrobiia,Acidimicrobiales,Ilumatobacteraceae,Casp-actino5,Casp-actino5 sp012269985
TAX_139,Bacteria,Actinobacteriota,Acidimicrobiia,Acidimicrobiales,Ilumatobacteraceae,Ilumatobacter_A,Ilumatobacter_A sp002711735
TAX_140,Bacteria,Actinobacteriota,Acidimicrobiia,Acidimicrobiales,Ilumatobacteraceae,Ilumatobacter_A,Ilumatobacter_A sp018666235
TAX_141,Bacteria,Actinobacteriota,Acidimicrobiia,Acidimicrobiales,Ilumatobacteraceae,Ilumatobacter_A,Ilumatobacter_A sp905480335
TAX_142,Bacteria,Actinobacteriota,Acidimicrobiia,Acidimicrobiales,MedAcidi-G1,MedAcidi-G1,MedAcidi-G1 sp000817085
TAX_143,Bacteria,Actinobacteriota,Acidimicrobiia,Acidimicrobiales,MedAcidi-G1,MedAcidi-G1,MedAcidi-G1 sp002299135
TAX_144,Bacteria,Actinobacteriota,Acidimicrobiia,Acidimicrobiales,MedAcidi-G1,MedAcidi-G1,MedAcidi-G1 sp002716285
TAX_145,Bacteria,Actinobacteriota,Acidimicrobiia,Acidimicrobiales,MedAcidi-G1,MedAcidi-G1,MedAcidi-G1 sp002729765
TAX_146,Bacteria,Actinobacteriota,Acidimicrobiia,Acidimicrobiales,MedAcidi-G1,MedAcidi-G2B,MedAcidi-G2B sp000817115
TAX_147,Bacteria,Actinobacteriota,Acidimicrobiia,Acidimicrobiales,MedAcidi-G1,MedAcidi-G2B,MedAcidi-G2B sp902634555
TAX_148,Bacteria,Actinobacteriota,Acidimicrobiia,Acidimicrobiales,MedAcidi-G1,S20-B6,S20-B6 sp002699725
TAX_149,Bacteria,Actinobacteriota,Acidimicrobiia,Acidimicrobiales,MedAcidi-G1,UBA9410,UBA9410 sp002714485
TAX_150,Bacteria,Actinobacteriota,Acidimicrobiia,Acidimicrobiales,MedAcidi-G1,UBA9410,UBA9410 sp003541675
TAX_151,Bacteria,Actinobacteriota,Acidimicrobiia,Acidimicrobiales,MedAcidi-G1,UBA9410,UBA9410 sp014237715
TAX_152,Bacteria,Actinobacteriota,Acidimicrobiia,Acidimicrobiales,TK06,MedAcidi-G3,MedAcidi-G3 sp000817105
TAX_153,Bacteria,Actinobacteriota,Acidimicrobiia,Acidimicrobiales,TK06,MedAcidi-G3,MedAcidi-G3 sp002722565
TAX_154,Bacteria,Actinobacteriota,Acidimicrobiia,Acidimicrobiales,TK06,UBA2110,UBA2110 sp014239555
TAX_155,Bacteria,Actinobacteriota,Acidimicrobiia,Acidimicrobiales,TK06,UBA9040,UBA9040 sp002731665
TAX_156,Bacteria,Actinobacteriota,Acidimicrobiia,Acidimicrobiales,TK06,UBA9040,UBA9040 sp905477545
TAX_157,Bacteria,Actinobacteriota,Acidimicrobiia,Acidimicrobiales,UBA10347,UBA10347,UBA10347 sp003485885
TAX_158,Bacteria,Actinobacteriota,Acidimicrobiia,Acidimicrobiales,UBA11606,UBA11606,UBA11606 sp002729125
TAX_159,Bacteria,Actinobacteriota,Acidimicrobiia,Acidimicrobiales,UBA11606,UBA11606,UBA11606 sp018699415
TAX_160,Bacteria,Actinobacteriota,Acidimicrobiia,Acidimicrobiales,UBA8592,UBA8592,UBA8592 sp002171605
TAX_161,Bacteria,Actinobacteriota,Acidimicrobiia,Acidimicrobiales,UBA8592,UBA8592,UBA8592 sp002341185
TAX_162,Bacteria,Actinobacteriota,Acidimicrobiia,Acidimicrobiales,UBA8592,UBA8592,UBA8592 sp002703045
TAX_163,Bacteria,Actinobacteriota,Acidimicrobiia,Acidimicrobiales,UBA8592,UBA8592,UBA8592 sp002709645
TAX_164,Bacteria,Actinobacteriota,Acidimicrobiia,Actinomarinales,Actinomarinaceae,Actinomarina,Actinomarina sp002169115
TAX_165,Bacteria,Actinobacteriota,Acidimicrobiia,Actinomarinales,Actinomarinaceae,Actinomarina,Actinomarina sp002308095
TAX_166,Bacteria,Actinobacteriota,Acidimicrobiia,Actinomarinales,Actinomarinaceae,Actinomarina,Actinomarina sp002683085
TAX_167,Bacteria,Actinobacteriota,Acidimicrobiia,Actinomarinales,Actinomarinaceae,Actinomarina,Actinomarina sp014239265
TAX_168,Bacteria,Actinobacteriota,Acidimicrobiia,Actinomarinales,Actinomarinaceae,Actinomarina,Actinomarina sp014384285
TAX_169,Bacteria,Actinobacteriota,Actinomycetia,Actinomycetales,Microbacteriaceae,Aquiluna,Aquiluna sp016780945
TAX_170,Bacteria,Actinobacteriota,Actinomycetia,Nanopelagicales,GCA-2699445,GCA-2699445,GCA-2699445 sp002699445
TAX_171,Bacteria,Actinobacteriota,Actinomycetia,Nanopelagicales,S36-B12,S36-B12,S36-B12 sp002729215
TAX_172,Bacteria,Actinobacteriota,Actinomycetia,Nanopelagicales,S36-B12,S36-B12,S36-B12 sp012103605
TAX_173,Bacteria,Actinobacteriota,Actinomycetia,Propionibacteriales,Propionibacteriaceae,Cutibacterium,Cutibacterium acnes
TAX_174,Bacteria,Bacteroidota,Bacteroidia,Bacteroidales,F082,GCA-002708315,GCA-002708315 sp002708315
TAX_175,Bacteria,Bacteroidota,Bacteroidia,Chitinophagales,Saprospiraceae,Aureispira,Aureispira sp905480485
TAX_176,Bacteria,Bacteroidota,Bacteroidia,Chitinophagales,Saprospiraceae,UBA1994,UBA1994 sp002335865
TAX_177,Bacteria,Bacteroidota,Bacteroidia,Chitinophagales,UBA8649,JAFMKE01,JAFMKE01 sp016777395
TAX_178,Bacteria,Bacteroidota,Bacteroidia,Cytophagales,Cyclobacteriaceae,UBA4465,UBA4465 sp002292365
TAX_179,Bacteria,Bacteroidota,Bacteroidia,Cytophagales,Cyclobacteriaceae,UBA4465,UBA4465 sp002470835
TAX_180,Bacteria,Bacteroidota,Bacteroidia,Cytophagales,Cyclobacteriaceae,UBA4465,UBA4465 sp002691385
TAX_181,Bacteria,Bacteroidota,Bacteroidia,Cytophagales,Cyclobacteriaceae,UBA4465,UBA4465 sp905182375
TAX_182,Bacteria,Bacteroidota,Bacteroidia,Cytophagales,MED-G16,MED-G16,MED-G16 sp002457315
TAX_183,Bacteria,Bacteroidota,Bacteroidia,Cytophagales,MED-G16,MED-G16,MED-G16 sp002696995
TAX_184,Bacteria,Bacteroidota,Bacteroidia,Flavobacteriales,BACL11,BACL11,BACL11 sp002730985
TAX_185,Bacteria,Bacteroidota,Bacteroidia,Flavobacteriales,BACL11,GCA-002697625,GCA-002697625 sp002710495
TAX_186,Bacteria,Bacteroidota,Bacteroidia,Flavobacteriales,BACL11,GCA-002697625,GCA-002697625 sp018695965
TAX_187,Bacteria,Bacteroidota,Bacteroidia,Flavobacteriales,BACL11,GCA-002697625,GCA-002697625 sp902514225
TAX_188,Bacteria,Bacteroidota,Bacteroidia,Flavobacteriales,BACL11,GCA-002715885,GCA-002715885 sp002689735
TAX_189,Bacteria,Bacteroidota,Bacteroidia,Flavobacteriales,BACL11,GCA-2683775,GCA-2683775 sp002683775
TAX_190,Bacteria,Bacteroidota,Bacteroidia,Flavobacteriales,BACL11,GCA-2683775,GCA-2683775 sp018652335
TAX_191,Bacteria,Bacteroidota,Bacteroidia,Flavobacteriales,BACL11,UWMA-0277,UWMA-0277 sp905478185
TAX_192,Bacteria,Bacteroidota,Bacteroidia,Flavobacteriales,BACL11,UWMA-0277,UWMA-0277 sp905478765
TAX_193,Bacteria,Bacteroidota,Bacteroidia,Flavobacteriales,BACL11,UWMA-0277,UWMA-0277 sp905479165
TAX_194,Bacteria,Bacteroidota,Bacteroidia,Flavobacteriales,Crocinitomicaceae,UBA4466,UBA4466 sp905182335
TAX_195,Bacteria,Bacteroidota,Bacteroidia,Flavobacteriales,Crocinitomicaceae,UBA952,UBA952 sp002167775
TAX_196,Bacteria,Bacteroidota,Bacteroidia,Flavobacteriales,Crocinitomicaceae,UBA952,UBA952 sp002480215
TAX_197,Bacteria,Bacteroidota,Bacteroidia,Flavobacteriales,Crocinitomicaceae,UBA952,UBA952 sp002683585
TAX_198,Bacteria,Bacteroidota,Bacteroidia,Flavobacteriales,Crocinitomicaceae,UBA952,UBA952 sp002696025
TAX_199,Bacteria,Bacteroidota,Bacteroidia,Flavobacteriales,Crocinitomicaceae,UBA952,UBA952 sp018665005
TAX_200,Bacteria,Bacteroidota,Bacteroidia,Flavobacteriales,Flavobacteriaceae,CAJQLB01,CAJQLB01 sp905479065
TAX_201,Bacteria,Bacteroidota,Bacteroidia,Flavobacteriales,Flavobacteriaceae,Flavicella,Flavicella sp002477565
TAX_202,Bacteria,Bacteroidota,Bacteroidia,Flavobacteriales,Flavobacteriaceae,GCA-002723295,GCA-002723295 sp002690805
TAX_203,Bacteria,Bacteroidota,Bacteroidia,Flavobacteriales,Flavobacteriaceae,GCA-002728855,GCA-002728855 sp002702405
TAX_204,Bacteria,Bacteroidota,Bacteroidia,Flavobacteriales,Flavobacteriaceae,GCA-002733185,GCA-002733185 sp002713705
TAX_205,Bacteria,Bacteroidota,Bacteroidia,Flavobacteriales,Flavobacteriaceae,GCA-002733185,GCA-002733185 sp004213605
TAX_206,Bacteria,Bacteroidota,Bacteroidia,Flavobacteriales,Flavobacteriaceae,GCA-002733185,GCA-002733185 sp004214175
TAX_207,Bacteria,Bacteroidota,Bacteroidia,Flavobacteriales,Flavobacteriaceae,GCA-002733185,GCA-002733185 sp905181835
TAX_208,Bacteria,Bacteroidota,Bacteroidia,Flavobacteriales,Flavobacteriaceae,GCA-2700405,GCA-2700405 sp002700405
TAX_209,Bacteria,Bacteroidota,Bacteroidia,Flavobacteriales,Flavobacteriaceae,GCA-2700405,GCA-2700405 sp004213965
TAX_210,Bacteria,Bacteroidota,Bacteroidia,Flavobacteriales,Flavobacteriaceae,GCA-2700405,GCA-2700405 sp014239895
TAX_211,Bacteria,Bacteroidota,Bacteroidia,Flavobacteriales,Flavobacteriaceae,GCA-2700405,GCA-2700405 sp018657955
TAX_212,Bacteria,Bacteroidota,Bacteroidia,Flavobacteriales,Flavobacteriaceae,GCA-2700405,GCA-2700405 sp902512065
TAX_213,Bacteria,Bacteroidota,Bacteroidia,Flavobacteriales,Flavobacteriaceae,GCA-2719315,GCA-2719315 sp002719315
TAX_214,Bacteria,Bacteroidota,Bacteroidia,Flavobacteriales,Flavobacteriaceae,GCA001735715,GCA001735715 sp001735715
TAX_215,Bacteria,Bacteroidota,Bacteroidia,Flavobacteriales,Flavobacteriaceae,Gramella,Gramella sp006714895
TAX_216,Bacteria,Bacteroidota,Bacteroidia,Flavobacteriales,Flavobacteriaceae,Hel1-33-131,Hel1-33-131 sp018608705
TAX_217,Bacteria,Bacteroidota,Bacteroidia,Flavobacteriales,Flavobacteriaceae,Hel1-33-131,Hel1-33-131 sp018608725
TAX_218,Bacteria,Bacteroidota,Bacteroidia,Flavobacteriales,Flavobacteriaceae,Hel1-33-131,Hel1-33-131 sp018608765
TAX_219,Bacteria,Bacteroidota,Bacteroidia,Flavobacteriales,Flavobacteriaceae,Hel1-33-131,Hel1-33-131 sp905181825
TAX_220,Bacteria,Bacteroidota,Bacteroidia,Flavobacteriales,Flavobacteriaceae,Leeuwenhoekiella,Leeuwenhoekiella aequorea
TAX_221,Bacteria,Bacteroidota,Bacteroidia,Flavobacteriales,Flavobacteriaceae,Leeuwenhoekiella,Leeuwenhoekiella blandensis
TAX_222,Bacteria,Bacteroidota,Bacteroidia,Flavobacteriales,Flavobacteriaceae,MAG-120531,MAG-120531 sp000173115
TAX_223,Bacteria,Bacteroidota,Bacteroidia,Flavobacteriales,Flavobacteriaceae,MAG-121220-bin8,MAG-121220-bin8 sp002700465
TAX_224,Bacteria,Bacteroidota,Bacteroidia,Flavobacteriales,Flavobacteriaceae,MAG-121220-bin8,MAG-121220-bin8 sp003331265
TAX_225,Bacteria,Bacteroidota,Bacteroidia,Flavobacteriales,Flavobacteriaceae,MAG-121220-bin8,MAG-121220-bin8 sp014239275
TAX_226,Bacteria,Bacteroidota,Bacteroidia,Flavobacteriales,Flavobacteriaceae,MAG-121220-bin8,MAG-121220-bin8 sp018662905
TAX_227,Bacteria,Bacteroidota,Bacteroidia,Flavobacteriales,Flavobacteriaceae,MAG-121220-bin8,MAG-121220-bin8 sp902510655
TAX_228,Bacteria,Bacteroidota,Bacteroidia,Flavobacteriales,Flavobacteriaceae,MAG-121220-bin8,MAG-121220-bin8 sp902511755
TAX_229,Bacteria,Bacteroidota,Bacteroidia,Flavobacteriales,Flavobacteriaceae,MAG-121220-bin8,MAG-121220-bin8 sp902559035
TAX_230,Bacteria,Bacteroidota,Bacteroidia,Flavobacteriales,Flavobacteriaceae,MAG-121220-bin8,MAG-121220-bin8 sp905479415
TAX_231,Bacteria,Bacteroidota,Bacteroidia,Flavobacteriales,Flavobacteriaceae,MED-G11,MED-G11 sp002457075
TAX_232,Bacteria,Bacteroidota,Bacteroidia,Flavobacteriales,Flavobacteriaceae,MED-G11,MED-G11 sp002729755
TAX_233,Bacteria,Bacteroidota,Bacteroidia,Flavobacteriales,Flavobacteriaceae,MED-G11,MED-G11 sp004214015
TAX_234,Bacteria,Bacteroidota,Bacteroidia,Flavobacteriales,Flavobacteriaceae,MED-G11,MED-G11 sp014239615
TAX_235,Bacteria,Bacteroidota,Bacteroidia,Flavobacteriales,Flavobacteriaceae,MED-G11,MED-G11 sp014239665
TAX_236,Bacteria,Bacteroidota,Bacteroidia,Flavobacteriales,Flavobacteriaceae,MED-G11,MED-G11 sp016777325
TAX_237,Bacteria,Bacteroidota,Bacteroidia,Flavobacteriales,Flavobacteriaceae,MED-G11,MED-G11 sp902509805
TAX_238,Bacteria,Bacteroidota,Bacteroidia,Flavobacteriales,Flavobacteriaceae,MED-G13,MED-G13 sp002697255
TAX_239,Bacteria,Bacteroidota,Bacteroidia,Flavobacteriales,Flavobacteriaceae,MED-G13,MED-G13 sp902509675
TAX_240,Bacteria,Bacteroidota,Bacteroidia,Flavobacteriales,Flavobacteriaceae,MED-G13,MED-G13 sp902557655
TAX_241,Bacteria,Bacteroidota,Bacteroidia,Flavobacteriales,Flavobacteriaceae,MED-G13,MED-G13 sp902560045
TAX_242,Bacteria,Bacteroidota,Bacteroidia,Flavobacteriales,Flavobacteriaceae,MS024-2A,MS024-2A sp000173095
TAX_243,Bacteria,Bacteroidota,Bacteroidia,Flavobacteriales,Flavobacteriaceae,MS024-2A,MS024-2A sp002167945
TAX_244,Bacteria,Bacteroidota,Bacteroidia,Flavobacteriales,Flavobacteriaceae,MS024-2A,MS024-2A sp002705385
TAX_245,Bacteria,Bacteroidota,Bacteroidia,Flavobacteriales,Flavobacteriaceae,MS024-2A,MS024-2A sp009886625
TAX_246,Bacteria,Bacteroidota,Bacteroidia,Flavobacteriales,Flavobacteriaceae,MS024-2A,MS024-2A sp010031465
TAX_247,Bacteria,Bacteroidota,Bacteroidia,Flavobacteriales,Flavobacteriaceae,MS024-2A,MS024-2A sp017851655
TAX_248,Bacteria,Bacteroidota,Bacteroidia,Flavobacteriales,Flavobacteriaceae,MS024-2A,MS024-2A sp017852075
TAX_249,Bacteria,Bacteroidota,Bacteroidia,Flavobacteriales,Flavobacteriaceae,MS024-2A,MS024-2A sp902517245
TAX_250,Bacteria,Bacteroidota,Bacteroidia,Flavobacteriales,Flavobacteriaceae,MS024-2A,MS024-2A sp902546725
TAX_251,Bacteria,Bacteroidota,Bacteroidia,Flavobacteriales,Flavobacteriaceae,MS024-2A,MS024-2A sp905182305
TAX_252,Bacteria,Bacteroidota,Bacteroidia,Flavobacteriales,Flavobacteriaceae,MS024-2A,MS024-2A sp905480425
TAX_253,Bacteria,Bacteroidota,Bacteroidia,Flavobacteriales,Flavobacteriaceae,Mesonia,Mesonia algae
TAX_254,Bacteria,Bacteroidota,Bacteroidia,Flavobacteriales,Flavobacteriaceae,Mesonia,Mesonia aquimarina
TAX_255,Bacteria,Bacteroidota,Bacteroidia,Flavobacteriales,Flavobacteriaceae,Mesonia,Mesonia mobilis
TAX_256,Bacteria,Bacteroidota,Bacteroidia,Flavobacteriales,Flavobacteriaceae,Patiriisocius,Patiriisocius sp018656255
TAX_257,Bacteria,Bacteroidota,Bacteroidia,Flavobacteriales,Flavobacteriaceae,Patiriisocius,Patiriisocius sp905182755
TAX_258,Bacteria,Bacteroidota,Bacteroidia,Flavobacteriales,Flavobacteriaceae,Polaribacter,Polaribacter sp018608545
TAX_259,Bacteria,Bacteroidota,Bacteroidia,Flavobacteriales,Flavobacteriaceae,Polaribacter,Polaribacter sp018663625
TAX_260,Bacteria,Bacteroidota,Bacteroidia,Flavobacteriales,Flavobacteriaceae,Polaribacter,Polaribacter sp900106075
TAX_261,Bacteria,Bacteroidota,Bacteroidia,Flavobacteriales,Flavobacteriaceae,SCGC-AAA160-P02,SCGC-AAA160-P02 sp000383355
TAX_262,Bacteria,Bacteroidota,Bacteroidia,Flavobacteriales,Flavobacteriaceae,SCGC-AAA160-P02,SCGC-AAA160-P02 sp015665265
TAX_263,Bacteria,Bacteroidota,Bacteroidia,Flavobacteriales,Flavobacteriaceae,SCGC-AAA160-P02,SCGC-AAA160-P02 sp018608485
TAX_264,Bacteria,Bacteroidota,Bacteroidia,Flavobacteriales,Flavobacteriaceae,SCGC-AAA160-P02,SCGC-AAA160-P02 sp905479435
TAX_265,Bacteria,Bacteroidota,Bacteroidia,Flavobacteriales,Flavobacteriaceae,SGZJ01,SGZJ01 sp004213995
TAX_266,Bacteria,Bacteroidota,Bacteroidia,Flavobacteriales,Flavobacteriaceae,SGZJ01,SGZJ01 sp018674025
TAX_267,Bacteria,Bacteroidota,Bacteroidia,Flavobacteriales,Flavobacteriaceae,SGZJ01,SGZJ01 sp902515565
TAX_268,Bacteria,Bacteroidota,Bacteroidia,Flavobacteriales,Flavobacteriaceae,Salegentibacter,Salegentibacter agarivorans
TAX_269,Bacteria,Bacteroidota,Bacteroidia,Flavobacteriales,Flavobacteriaceae,Salegentibacter,Salegentibacter mishustinae
TAX_270,Bacteria,Bacteroidota,Bacteroidia,Flavobacteriales,Flavobacteriaceae,Salegentibacter,Salegentibacter salarius
TAX_271,Bacteria,Bacteroidota,Bacteroidia,Flavobacteriales,Flavobacteriaceae,Salegentibacter,Salegentibacter sp000745315
TAX_272,Bacteria,Bacteroidota,Bacteroidia,Flavobacteriales,Flavobacteriaceae,TMED220,TMED220 sp002169155
TAX_273,Bacteria,Bacteroidota,Bacteroidia,Flavobacteriales,Flavobacteriaceae,TMED220,TMED220 sp902514625
TAX_274,Bacteria,Bacteroidota,Bacteroidia,Flavobacteriales,Flavobacteriaceae,Tenacibaculum,Tenacibaculum sp002954385
TAX_275,Bacteria,Bacteroidota,Bacteroidia,Flavobacteriales,Flavobacteriaceae,UBA11891,UBA11891 sp009886755
TAX_276,Bacteria,Bacteroidota,Bacteroidia,Flavobacteriales,Flavobacteriaceae,UBA3537,UBA3537 sp002684355
TAX_277,Bacteria,Bacteroidota,Bacteroidia,Flavobacteriales,Flavobacteriaceae,UBA3537,UBA3537 sp002690085
TAX_278,Bacteria,Bacteroidota,Bacteroidia,Flavobacteriales,Flavobacteriaceae,UBA3537,UBA3537 sp002698705
TAX_279,Bacteria,Bacteroidota,Bacteroidia,Flavobacteriales,Flavobacteriaceae,UBA3537,UBA3537 sp002709185
TAX_280,Bacteria,Bacteroidota,Bacteroidia,Flavobacteriales,Flavobacteriaceae,UBA3537,UBA3537 sp002725015
TAX_281,Bacteria,Bacteroidota,Bacteroidia,Flavobacteriales,Flavobacteriaceae,UBA3537,UBA3537 sp902516685
TAX_282,Bacteria,Bacteroidota,Bacteroidia,Flavobacteriales,Flavobacteriaceae,UBA724,UBA724 sp002171575
TAX_283,Bacteria,Bacteroidota,Bacteroidia,Flavobacteriales,Flavobacteriaceae,UBA724,UBA724 sp018672145
TAX_284,Bacteria,Bacteroidota,Bacteroidia,Flavobacteriales,Flavobacteriaceae,UBA724,UBA724 sp902536935
TAX_285,Bacteria,Bacteroidota,Bacteroidia,Flavobacteriales,Flavobacteriaceae,UBA7428,UBA7428 sp002477625
TAX_286,Bacteria,Bacteroidota,Bacteroidia,Flavobacteriales,Flavobacteriaceae,UBA7428,UBA7428 sp002708445
TAX_287,Bacteria,Bacteroidota,Bacteroidia,Flavobacteriales,Flavobacteriaceae,UBA7428,UBA7428 sp003023645
TAX_288,Bacteria,Bacteroidota,Bacteroidia,Flavobacteriales,Flavobacteriaceae,UBA7428,UBA7428 sp018608425
TAX_289,Bacteria,Bacteroidota,Bacteroidia,Flavobacteriales,Flavobacteriaceae,UBA7428,UBA7428 sp905181615
TAX_290,Bacteria,Bacteroidota,Bacteroidia,Flavobacteriales,Flavobacteriaceae,UBA7446,UBA7446 sp002698745
TAX_291,Bacteria,Bacteroidota,Bacteroidia,Flavobacteriales,Flavobacteriaceae,UBA7446,UBA7446 sp002862645
TAX_292,Bacteria,Bacteroidota,Bacteroidia,Flavobacteriales,Flavobacteriaceae,UBA7446,UBA7446 sp002862705
TAX_293,Bacteria,Bacteroidota,Bacteroidia,Flavobacteriales,Flavobacteriaceae,UBA7446,UBA7446 sp009886265
TAX_294,Bacteria,Bacteroidota,Bacteroidia,Flavobacteriales,Flavobacteriaceae,UBA8316,UBA8316 sp002171295
TAX_295,Bacteria,Bacteroidota,Bacteroidia,Flavobacteriales,Flavobacteriaceae,UBA8316,UBA8316 sp002364535
TAX_296,Bacteria,Bacteroidota,Bacteroidia,Flavobacteriales,Flavobacteriaceae,UBA8316,UBA8316 sp009936675
TAX_297,Bacteria,Bacteroidota,Bacteroidia,Flavobacteriales,Flavobacteriaceae,UBA8316,UBA8316 sp018623955
TAX_298,Bacteria,Bacteroidota,Bacteroidia,Flavobacteriales,Flavobacteriaceae,UBA8316,UBA8316 sp018647605
TAX_299,Bacteria,Bacteroidota,Bacteroidia,Flavobacteriales,Flavobacteriaceae,Winogradskyella,Winogradskyella sp002163855
TAX_300,Bacteria,Bacteroidota,Bacteroidia,Flavobacteriales,Flavobacteriaceae,Winogradskyella,Winogradskyella sp905480385
TAX_301,Bacteria,Bacteroidota,Bacteroidia,Flavobacteriales,Flavobacteriaceae,Zunongwangia,Zunongwangia mangrovi
TAX_302,Bacteria,Bacteroidota,Bacteroidia,Flavobacteriales,Flavobacteriaceae,Zunongwangia,Zunongwangia profunda
TAX_303,Bacteria,Bacteroidota,Bacteroidia,Flavobacteriales,GCA-002722245,GCA-002722245,GCA-002722245 sp905182585
TAX_304,Bacteria,Bacteroidota,Bacteroidia,Flavobacteriales,Schleiferiaceae,TMED14,TMED14 sp002682945
TAX_305,Bacteria,Bacteroidota,Bacteroidia,Flavobacteriales,Schleiferiaceae,UBA10364,UBA10364 sp002387615
TAX_306,Bacteria,Bacteroidota,Bacteroidia,Flavobacteriales,Schleiferiaceae,UBA10364,UBA10364 sp002685435
TAX_307,Bacteria,Bacteroidota,Bacteroidia,Flavobacteriales,Schleiferiaceae,UBA10364,UBA10364 sp002707525
TAX_308,Bacteria,Bacteroidota,Bacteroidia,Flavobacteriales,Schleiferiaceae,UBA10364,UBA10364 sp003023665
TAX_309,Bacteria,Bacteroidota,Bacteroidia,Flavobacteriales,Schleiferiaceae,UBA10364,UBA10364 sp003045825
TAX_310,Bacteria,Bacteroidota,Bacteroidia,Flavobacteriales,Schleiferiaceae,UBA10364,UBA10364 sp018402665
TAX_311,Bacteria,Bacteroidota,Bacteroidia,Flavobacteriales,UA16,ASP10-05a,ASP10-05a sp002336675
TAX_312,Bacteria,Bacteroidota,Bacteroidia,Flavobacteriales,UA16,UA16,UA16 sp002323795
TAX_313,Bacteria,Bacteroidota,Bacteroidia,Flavobacteriales,UA16,UA16,UA16 sp002477505
TAX_314,Bacteria,Bacteroidota,Bacteroidia,Flavobacteriales,UA16,UA16,UA16 sp905479395
TAX_315,Bacteria,Bacteroidota,Bacteroidia,Flavobacteriales,UA16,UBA11663,UBA11663 sp002469765
TAX_316,Bacteria,Bacteroidota,Bacteroidia,Flavobacteriales,UA16,UBA974,UBA974 sp002292405
TAX_317,Bacteria,Bacteroidota,Bacteroidia,Flavobacteriales,UA16,UBA974,UBA974 sp002336655
TAX_318,Bacteria,Bacteroidota,Bacteroidia,Flavobacteriales,UA16,UBA974,UBA974 sp002700285
TAX_319,Bacteria,Bacteroidota,Bacteroidia,Flavobacteriales,UA16,UBA974,UBA974 sp018700255
TAX_320,Bacteria,Bacteroidota,Bacteroidia,Flavobacteriales,UA16,UBA974,UBA974 sp905480095
TAX_321,Bacteria,Bacteroidota,Bacteroidia,Flavobacteriales,UBA10066,MED-G20,MED-G20 sp002713405
TAX_322,Bacteria,Bacteroidota,Bacteroidia,Flavobacteriales,UBA10066,MED-G20,MED-G20 sp016780365
TAX_323,Bacteria,Bacteroidota,Bacteroidia,Flavobacteriales,UBA10066,MED-G20,MED-G20 sp905182525
TAX_324,Bacteria,Bacteroidota,Bacteroidia,Flavobacteriales,UBA10066,MED-G20,MED-G20 sp905182745
TAX_325,Bacteria,Bacteroidota,Bacteroidia,Flavobacteriales,UBA10066,UBA10066,UBA10066 sp018663635
TAX_326,Bacteria,Bacteroidota,Bacteroidia,Flavobacteriales,UBA7312,GCA-2862585,GCA-2862585 sp002862585
TAX_327,Bacteria,Bacteroidota,Bacteroidia,Flavobacteriales,UBA7430,MED-G21,MED-G21 sp002457305
TAX_328,Bacteria,Bacteroidota,Bacteroidia,Flavobacteriales,UBA7430,UBA6772,UBA6772 sp002685115
TAX_329,Bacteria,Bacteroidota,Bacteroidia,Flavobacteriales,UBA7430,UBA7430,UBA7430 sp002478765
TAX_330,Bacteria,Chloroflexota,Dehalococcoidia,UBA1151,TMED-70,TMED-70,TMED-70 sp002699165
TAX_331,Bacteria,Chloroflexota,Dehalococcoidia,UBA1151,TMED-70,TMED-70,TMED-70 sp009937255
TAX_332,Bacteria,Chloroflexota,Dehalococcoidia,UBA1151,UBA1151,GCA-2730555,GCA-2730555 sp014239685
TAX_333,Bacteria,Chloroflexota,Dehalococcoidia,UBA1151,UBA1328,GCA-002725925,GCA-002725925 sp009392785
TAX_334,Bacteria,Cyanobacteria,Cyanobacteriia,PCC-6307,Cyanobiaceae,Prochlorococcus,Prochlorococcus sp003214695
TAX_335,Bacteria,Cyanobacteria,Cyanobacteriia,PCC-6307,Cyanobiaceae,Prochlorococcus,Prochlorococcus sp003279445
TAX_336,Bacteria,Cyanobacteria,Cyanobacteriia,PCC-6307,Cyanobiaceae,Prochlorococcus_B,Prochlorococcus_B marinus_B
TAX_337,Bacteria,Cyanobacteria,Cyanobacteriia,PCC-6307,Cyanobiaceae,Prochlorococcus_B,Prochlorococcus_B sp003283685
TAX_338,Bacteria,Cyanobacteria,Cyanobacteriia,PCC-6307,Cyanobiaceae,Prochlorococcus_B,Prochlorococcus_B sp003283745
TAX_339,Bacteria,Cyanobacteria,Cyanobacteriia,PCC-6307,Cyanobiaceae,Prochlorococcus_B,Prochlorococcus_B sp003284375
TAX_340,Bacteria,Cyanobacteria,Cyanobacteriia,PCC-6307,Cyanobiaceae,Prochlorococcus_B,Prochlorococcus_B sp003284445
TAX_341,Bacteria,Cyanobacteria,Cyanobacteriia,PCC-6307,Cyanobiaceae,Prochlorococcus_C,Prochlorococcus_C marinus_B
TAX_342,Bacteria,Cyanobacteria,Cyanobacteriia,PCC-6307,Cyanobiaceae,Prochlorococcus_C,Prochlorococcus_C sp000760295
TAX_343,Bacteria,Cyanobacteria,Cyanobacteriia,PCC-6307,Cyanobiaceae,Prochlorococcus_C,Prochlorococcus_C sp003214855
TAX_344,Bacteria,Cyanobacteria,Cyanobacteriia,PCC-6307,Cyanobiaceae,Synechococcus_C,Synechococcus_C sp000014585
TAX_345,Bacteria,Cyanobacteria,Cyanobacteriia,PCC-6307,Cyanobiaceae,Synechococcus_C,Synechococcus_C sp000230675
TAX_346,Bacteria,Cyanobacteria,Cyanobacteriia,PCC-6307,Cyanobiaceae,Synechococcus_C,Synechococcus_C sp001040845
TAX_347,Bacteria,Cyanobacteria,Cyanobacteriia,PCC-6307,Cyanobiaceae,Synechococcus_C,Synechococcus_C sp002500205
TAX_348,Bacteria,Cyanobacteria,Cyanobacteriia,PCC-6307,Cyanobiaceae,Synechococcus_C,Synechococcus_C sp003210315
TAX_349,Bacteria,Cyanobacteria,Cyanobacteriia,PCC-6307,Cyanobiaceae,Synechococcus_C,Synechococcus_C sp003210755
TAX_350,Bacteria,Cyanobacteria,Cyanobacteriia,PCC-6307,Cyanobiaceae,Synechococcus_C,Synechococcus_C sp003210775
TAX_351,Bacteria,Cyanobacteria,Cyanobacteriia,PCC-6307,Cyanobiaceae,Synechococcus_C,Synechococcus_C sp014279835
TAX_352,Bacteria,Cyanobacteria,Cyanobacteriia,PCC-6307,Cyanobiaceae,Synechococcus_C,Synechococcus_C sp014279975
TAX_353,Bacteria,Cyanobacteria,Cyanobacteriia,PCC-6307,Cyanobiaceae,Synechococcus_E,Synechococcus_E sp000012505
TAX_354,Bacteria,Cyanobacteria,Cyanobacteriia,PCC-6307,Cyanobiaceae,Synechococcus_E,Synechococcus_E sp000153805
TAX_355,Bacteria,Cyanobacteria,Cyanobacteriia,PCC-6307,Cyanobiaceae,Synechococcus_E,Synechococcus_E sp003208835
TAX_356,Bacteria,Cyanobacteria,Cyanobacteriia,PCC-6307,Cyanobiaceae,Synechococcus_E,Synechococcus_E sp016777265
TAX_357,Bacteria,Desulfobacterota_B,Binatia,UBA12015,UBA12015,UBA12015,UBA12015 sp003447545
TAX_358,Bacteria,Desulfobacterota_D,UBA1144,UBA1144,UBA1144,TMED58,TMED58 sp002701865
TAX_359,Bacteria,Gemmatimonadota,Gemmatimonadetes,Longimicrobiales,UBA6960,UBA1138,UBA1138 sp009937285
TAX_360,Bacteria,Latescibacterota,UBA2968,UBA8231,UBA8231,GCA-2724215,GCA-2724215 sp018672475
TAX_361,Bacteria,Margulisbacteria,Marinamargulisbacteria,UBA6595,UBA6595,UBA6595,UBA6595 sp002433595
TAX_362,Bacteria,Marinisomatota,Marinisomatia,Marinisomatales,Marinisomataceae,Marinisoma,Marinisoma atlanticum
TAX_363,Bacteria,Marinisomatota,Marinisomatia,Marinisomatales,Marinisomataceae,Marinisoma,Marinisoma sp014240005
TAX_364,Bacteria,Marinisomatota,Marinisomatia,Marinisomatales,TCS55,TCS55,TCS55 sp014239505
TAX_365,Bacteria,Marinisomatota,Marinisomatia,Marinisomatales,UBA1611,GCA-2691785,GCA-2691785 sp002691785
TAX_366,Bacteria,Marinisomatota,Marinisomatia,Marinisomatales,UBA1611,GCA-2722105,GCA-2722105 sp018692355
TAX_367,Bacteria,Marinisomatota,Marinisomatia,Marinisomatales,UBA1611,TMED80,TMED80 sp002713885
TAX_368,Bacteria,Marinisomatota,Marinisomatia,Marinisomatales,UBA1611,TMED80,TMED80 sp018645565
TAX_369,Bacteria,Marinisomatota,Marinisomatia,Marinisomatales,UBA1611,TMED80,TMED80 sp902559415
TAX_370,Bacteria,Marinisomatota,Marinisomatia,Marinisomatales,UBA1611,TMED80,TMED80 sp905478065
TAX_371,Bacteria,Myxococcota,XYA12-FULL-58-9,XYA12-FULL-58-9,JABJBS01,JABJBS01,JABJBS01 sp018668695
TAX_372,Bacteria,Myxococcota_A,UBA796,UBA796,CAJQPC01,CAJQPC01,CAJQPC01 sp905480105
TAX_373,Bacteria,Myxococcota_A,UBA9160,UBA9160,UBA4427,UBA4427,UBA4427 sp002390675
TAX_374,Bacteria,Nitrospinota,Nitrospinia,Nitrospinales,Nitrospinaceae,LS-NOB,LS-NOB sp002705185
TAX_375,Bacteria,Nitrospinota,Nitrospinia,Nitrospinales,Nitrospinaceae,LS-NOB,LS-NOB sp905612265
TAX_376,Bacteria,Nitrospinota,Nitrospinia,Nitrospinales,Nitrospinaceae,Nitromaritima,Nitromaritima sp000372225
TAX_377,Bacteria,Nitrospinota,Nitrospinia,Nitrospinales,Nitrospinaceae,Nitromaritima,Nitromaritima sp018647025
TAX_378,Bacteria,Nitrospinota,Nitrospinia,Nitrospinales,Nitrospinaceae,UBA8687,UBA8687 sp013349585
TAX_379,Bacteria,Planctomycetota,Phycisphaerae,Phycisphaerales,SM1A02,GCA-002718515,GCA-002718515 sp002689385
TAX_380,Bacteria,Planctomycetota,Phycisphaerae,Phycisphaerales,SM1A02,UBA12014,UBA12014 sp002684755
TAX_381,Bacteria,Planctomycetota,Phycisphaerae,Phycisphaerales,SM1A02,UBA1668,UBA1668 sp002364555
TAX_382,Bacteria,Planctomycetota,Phycisphaerae,Phycisphaerales,SM1A02,UBA8087,UBA8087 sp002684315
TAX_383,Bacteria,Planctomycetota,Planctomycetia,Pirellulales,Pirellulaceae,JABAAE01,JABAAE01 sp014238905
TAX_384,Bacteria,Planctomycetota,Planctomycetia,Pirellulales,Pirellulaceae,Mariniblastus,Mariniblastus sp011087765
TAX_385,Bacteria,Planctomycetota,Planctomycetia,Pirellulales,Pirellulaceae,Mariniblastus,Mariniblastus sp011523945
TAX_386,Bacteria,Planctomycetota,Planctomycetia,Pirellulales,Pirellulaceae,Mariniblastus,Mariniblastus sp014237975
TAX_387,Bacteria,Planctomycetota,Planctomycetia,Pirellulales,Pirellulaceae,Rubripirellula,Rubripirellula sp002689655
TAX_388,Bacteria,Planctomycetota,Planctomycetia,Pirellulales,Pirellulaceae,Rubripirellula,Rubripirellula sp002690925
TAX_389,Bacteria,Planctomycetota,Planctomycetia,Pirellulales,Pirellulaceae,Rubripirellula,Rubripirellula sp002712845
TAX_390,Bacteria,Planctomycetota,Planctomycetia,Pirellulales,Pirellulaceae,Rubripirellula,Rubripirellula sp002862205
TAX_391,Bacteria,Planctomycetota,Planctomycetia,Pirellulales,Pirellulaceae,Rubripirellula,Rubripirellula sp003513555
TAX_392,Bacteria,Planctomycetota,Planctomycetia,Pirellulales,Pirellulaceae,UBA721,UBA721 sp002698965
TAX_393,Bacteria,Planctomycetota,Planctomycetia,Pirellulales,Pirellulaceae,UBA721,UBA721 sp002705165
TAX_394,Bacteria,Planctomycetota,Planctomycetia,Pirellulales,Pirellulaceae,UBA721,UBA721 sp018658605
TAX_395,Bacteria,Planctomycetota,Planctomycetia,Pirellulales,UBA1268,UBA1268,UBA1268 sp002862165
TAX_396,Bacteria,Planctomycetota,Planctomycetia,Pirellulales,UBA1268,UBA1268,UBA1268 sp003509235
TAX_397,Bacteria,Planctomycetota,Planctomycetia,Pirellulales,UBA1268,UBA1268,UBA1268 sp014238855
TAX_398,Bacteria,Planctomycetota,Planctomycetia,Pirellulales,UBA1268,UBA1268,UBA1268 sp016776925
TAX_399,Bacteria,Planctomycetota,Planctomycetia,Pirellulales,UBA1268,UBA1268,UBA1268 sp018694455
TAX_400,Bacteria,Planctomycetota,Planctomycetia,Pirellulales,UBA1268,UBA1268,UBA1268 sp905477565
TAX_401,Bacteria,Planctomycetota,Planctomycetia,Pirellulales,UBA7805,UBA7805,UBA7805 sp002168195
TAX_402,Bacteria,Planctomycetota,Planctomycetia,Planctomycetales,Planctomycetaceae,Fuerstia,Fuerstia sp014238335
TAX_403,Bacteria,Proteobacteria,Alphaproteobacteria,Caulobacterales,Maricaulaceae,Hellea,Hellea sp018645985
TAX_404,Bacteria,Proteobacteria,Alphaproteobacteria,HIMB59,GCA-002718135,AG-337-I02,AG-337-I02 sp018657885
TAX_405,Bacteria,Proteobacteria,Alphaproteobacteria,HIMB59,GCA-002718135,AG-337-I02,AG-337-I02 sp902511405
TAX_406,Bacteria,Proteobacteria,Alphaproteobacteria,HIMB59,GCA-002718135,AG-337-I02,AG-337-I02 sp902512325
TAX_407,Bacteria,Proteobacteria,Alphaproteobacteria,HIMB59,GCA-002718135,AG-337-I02,AG-337-I02 sp902601455
TAX_408,Bacteria,Proteobacteria,Alphaproteobacteria,HIMB59,HIMB59,HIMB59,HIMB59 sp002169365
TAX_409,Bacteria,Proteobacteria,Alphaproteobacteria,HIMB59,HIMB59,HIMB59,HIMB59 sp008638215
TAX_410,Bacteria,Proteobacteria,Alphaproteobacteria,MPNO01,UBA2964,WLWZ01,WLWZ01 sp905182615
TAX_411,Bacteria,Proteobacteria,Alphaproteobacteria,MPNO01,UBA830,UBA830,UBA830 sp905479125
TAX_412,Bacteria,Proteobacteria,Alphaproteobacteria,Parvibaculales,RS24,UBA8337,UBA8337 sp018660505
TAX_413,Bacteria,Proteobacteria,Alphaproteobacteria,Parvibaculales,RS24,UBA8337,UBA8337 sp018673175
TAX_414,Bacteria,Proteobacteria,Alphaproteobacteria,Parvibaculales,RS24,UBA8337,UBA8337 sp900197605
TAX_415,Bacteria,Proteobacteria,Alphaproteobacteria,Pelagibacterales,Pelagibacteraceae,Pelagibacter,Pelagibacter giovannonii
TAX_416,Bacteria,Proteobacteria,Alphaproteobacteria,Pelagibacterales,Pelagibacteraceae,Pelagibacter,Pelagibacter sp000155895
TAX_417,Bacteria,Proteobacteria,Alphaproteobacteria,Pelagibacterales,Pelagibacteraceae,Pelagibacter,Pelagibacter sp001438335
TAX_418,Bacteria,Proteobacteria,Alphaproteobacteria,Pelagibacterales,Pelagibacteraceae,Pelagibacter,Pelagibacter sp003210015
TAX_419,Bacteria,Proteobacteria,Alphaproteobacteria,Pelagibacterales,Pelagibacteraceae,Pelagibacter,Pelagibacter sp003279685
TAX_420,Bacteria,Proteobacteria,Alphaproteobacteria,Pelagibacterales,Pelagibacteraceae,Pelagibacter,Pelagibacter sp003279715
TAX_421,Bacteria,Proteobacteria,Alphaproteobacteria,Pelagibacterales,Pelagibacteraceae,Pelagibacter,Pelagibacter sp003282975
TAX_422,Bacteria,Proteobacteria,Alphaproteobacteria,Pelagibacterales,Pelagibacteraceae,Pelagibacter,Pelagibacter sp003282985
TAX_423,Bacteria,Proteobacteria,Alphaproteobacteria,Pelagibacterales,Pelagibacteraceae,Pelagibacter,Pelagibacter sp003283905
TAX_424,Bacteria,Proteobacteria,Alphaproteobacteria,Pelagibacterales,Pelagibacteraceae,Pelagibacter,Pelagibacter sp008638165
TAX_425,Bacteria,Proteobacteria,Alphaproteobacteria,Pelagibacterales,Pelagibacteraceae,Pelagibacter,Pelagibacter sp014653365
TAX_426,Bacteria,Proteobacteria,Alphaproteobacteria,Pelagibacterales,Pelagibacteraceae,Pelagibacter,Pelagibacter sp014653375
TAX_427,Bacteria,Proteobacteria,Alphaproteobacteria,Pelagibacterales,Pelagibacteraceae,Pelagibacter,Pelagibacter sp014653385
TAX_428,Bacteria,Proteobacteria,Alphaproteobacteria,Pelagibacterales,Pelagibacteraceae,Pelagibacter,Pelagibacter sp014653455
TAX_429,Bacteria,Proteobacteria,Alphaproteobacteria,Pelagibacterales,Pelagibacteraceae,Pelagibacter,Pelagibacter sp014654035
TAX_430,Bacteria,Proteobacteria,Alphaproteobacteria,Pelagibacterales,Pelagibacteraceae,Pelagibacter,Pelagibacter sp014654265
TAX_431,Bacteria,Proteobacteria,Alphaproteobacteria,Pelagibacterales,Pelagibacteraceae,Pelagibacter,Pelagibacter sp014654455
TAX_432,Bacteria,Proteobacteria,Alphaproteobacteria,Pelagibacterales,Pelagibacteraceae,Pelagibacter,Pelagibacter sp016777545
TAX_433,Bacteria,Proteobacteria,Alphaproteobacteria,Pelagibacterales,Pelagibacteraceae,Pelagibacter,Pelagibacter sp016778675
TAX_434,Bacteria,Proteobacteria,Alphaproteobacteria,Pelagibacterales,Pelagibacteraceae,Pelagibacter,Pelagibacter sp017880265
TAX_435,Bacteria,Proteobacteria,Alphaproteobacteria,Pelagibacterales,Pelagibacteraceae,Pelagibacter,Pelagibacter sp902509725
TAX_436,Bacteria,Proteobacteria,Alphaproteobacteria,Pelagibacterales,Pelagibacteraceae,Pelagibacter,Pelagibacter sp902510495
TAX_437,Bacteria,Proteobacteria,Alphaproteobacteria,Pelagibacterales,Pelagibacteraceae,Pelagibacter,Pelagibacter sp902511185
TAX_438,Bacteria,Proteobacteria,Alphaproteobacteria,Pelagibacterales,Pelagibacteraceae,Pelagibacter,Pelagibacter sp902512765
TAX_439,Bacteria,Proteobacteria,Alphaproteobacteria,Pelagibacterales,Pelagibacteraceae,Pelagibacter,Pelagibacter sp902513955
TAX_440,Bacteria,Proteobacteria,Alphaproteobacteria,Pelagibacterales,Pelagibacteraceae,Pelagibacter,Pelagibacter sp902514745
TAX_441,Bacteria,Proteobacteria,Alphaproteobacteria,Pelagibacterales,Pelagibacteraceae,Pelagibacter,Pelagibacter sp902520685
TAX_442,Bacteria,Proteobacteria,Alphaproteobacteria,Pelagibacterales,Pelagibacteraceae,Pelagibacter,Pelagibacter sp902554765
TAX_443,Bacteria,Proteobacteria,Alphaproteobacteria,Pelagibacterales,Pelagibacteraceae,Pelagibacter,Pelagibacter sp902556905
TAX_444,Bacteria,Proteobacteria,Alphaproteobacteria,Pelagibacterales,Pelagibacteraceae,Pelagibacter,Pelagibacter sp902558795
TAX_445,Bacteria,Proteobacteria,Alphaproteobacteria,Pelagibacterales,Pelagibacteraceae,Pelagibacter,Pelagibacter sp902560015
TAX_446,Bacteria,Proteobacteria,Alphaproteobacteria,Pelagibacterales,Pelagibacteraceae,Pelagibacter,Pelagibacter sp902573585
TAX_447,Bacteria,Proteobacteria,Alphaproteobacteria,Pelagibacterales,Pelagibacteraceae,Pelagibacter,Pelagibacter sp902595535
TAX_448,Bacteria,Proteobacteria,Alphaproteobacteria,Pelagibacterales,Pelagibacteraceae,Pelagibacter,Pelagibacter sp902595745
TAX_449,Bacteria,Proteobacteria,Alphaproteobacteria,Pelagibacterales,Pelagibacteraceae,Pelagibacter,Pelagibacter sp902596045
TAX_450,Bacteria,Proteobacteria,Alphaproteobacteria,Pelagibacterales,Pelagibacteraceae,Pelagibacter,Pelagibacter sp902603555
TAX_451,Bacteria,Proteobacteria,Alphaproteobacteria,Pelagibacterales,Pelagibacteraceae,Pelagibacter,Pelagibacter sp902604605
TAX_452,Bacteria,Proteobacteria,Alphaproteobacteria,Pelagibacterales,Pelagibacteraceae,Pelagibacter,Pelagibacter sp902608385
TAX_453,Bacteria,Proteobacteria,Alphaproteobacteria,Pelagibacterales,Pelagibacteraceae,Pelagibacter,Pelagibacter sp902613855
TAX_454,Bacteria,Proteobacteria,Alphaproteobacteria,Pelagibacterales,Pelagibacteraceae,Pelagibacter,Pelagibacter sp905478565
TAX_455,Bacteria,Proteobacteria,Alphaproteobacteria,Pelagibacterales,Pelagibacteraceae,Pelagibacter,Pelagibacter sp905616395
TAX_456,Bacteria,Proteobacteria,Alphaproteobacteria,Pelagibacterales,Pelagibacteraceae,Pelagibacter,Pelagibacter ubique
TAX_457,Bacteria,Proteobacteria,Alphaproteobacteria,Pelagibacterales,Pelagibacteraceae,Pelagibacter,Pelagibacter ubique_C
TAX_458,Bacteria,Proteobacteria,Alphaproteobacteria,Pelagibacterales,Pelagibacteraceae,Pelagibacter,Pelagibacter ubique_L
TAX_459,Bacteria,Proteobacteria,Alphaproteobacteria,Pelagibacterales,Pelagibacteraceae,Pelagibacter,Pelagibacter ubique_M
TAX_460,Bacteria,Proteobacteria,Alphaproteobacteria,Pelagibacterales,Pelagibacteraceae,Pelagibacter,Pelagibacter ubique_S
TAX_461,Bacteria,Proteobacteria,Alphaproteobacteria,Pelagibacterales,Pelagibacteraceae,Pelagibacter_A,Pelagibacter_A sp003282965
TAX_462,Bacteria,Proteobacteria,Alphaproteobacteria,Pelagibacterales,Pelagibacteraceae,Pelagibacter_A,Pelagibacter_A sp003284275
TAX_463,Bacteria,Proteobacteria,Alphaproteobacteria,Pelagibacterales,Pelagibacteraceae,Pelagibacter_A,Pelagibacter_A sp014653835
TAX_464,Bacteria,Proteobacteria,Alphaproteobacteria,Pelagibacterales,Pelagibacteraceae,Pelagibacter_A,Pelagibacter_A sp014654415
TAX_465,Bacteria,Proteobacteria,Alphaproteobacteria,Pelagibacterales,Pelagibacteraceae,Pelagibacter_A,Pelagibacter_A sp902536305
TAX_466,Bacteria,Proteobacteria,Alphaproteobacteria,Pelagibacterales,Pelagibacteraceae,Pelagibacter_A,Pelagibacter_A sp902572345
TAX_467,Bacteria,Proteobacteria,Alphaproteobacteria,Pelagibacterales,Pelagibacteraceae,Pelagibacter_A,Pelagibacter_A sp902590845
TAX_468,Bacteria,Proteobacteria,Alphaproteobacteria,Pelagibacterales,Pelagibacteraceae,Pelagibacter_A,Pelagibacter_A sp902609855
TAX_469,Bacteria,Proteobacteria,Alphaproteobacteria,Pelagibacterales,Pelagibacteraceae,SYDM01,SYDM01 sp016777565
TAX_470,Bacteria,Proteobacteria,Alphaproteobacteria,Pelagibacterales,Pelagibacteraceae,TMED170,TMED170 sp902604695
TAX_471,Bacteria,Proteobacteria,Alphaproteobacteria,Puniceispirillales,AAA536-G10,AAA536-G10,AAA536-G10 sp000421325
TAX_472,Bacteria,Proteobacteria,Alphaproteobacteria,Puniceispirillales,AAA536-G10,AAA536-G10,AAA536-G10 sp016777705
TAX_473,Bacteria,Proteobacteria,Alphaproteobacteria,Puniceispirillales,Puniceispirillaceae,Puniceispirillum,Puniceispirillum sp018668795
TAX_474,Bacteria,Proteobacteria,Alphaproteobacteria,Puniceispirillales,Puniceispirillaceae,UBA3439,UBA3439 sp002378605
TAX_475,Bacteria,Proteobacteria,Alphaproteobacteria,Puniceispirillales,Puniceispirillaceae,UBA3439,UBA3439 sp016778825
TAX_476,Bacteria,Proteobacteria,Alphaproteobacteria,Puniceispirillales,Puniceispirillaceae,UBA3439,UBA3439 sp016780525
TAX_477,Bacteria,Proteobacteria,Alphaproteobacteria,Puniceispirillales,Puniceispirillaceae,UBA3439,UBA3439 sp017859295
TAX_478,Bacteria,Proteobacteria,Alphaproteobacteria,Puniceispirillales,Puniceispirillaceae,UBA3439,UBA3439 sp905182545
TAX_479,Bacteria,Proteobacteria,Alphaproteobacteria,Puniceispirillales,Puniceispirillaceae,UBA4588,UBA4588 sp002387605
TAX_480,Bacteria,Proteobacteria,Alphaproteobacteria,Puniceispirillales,Puniceispirillaceae,UBA5951,UBA5951 sp009936885
TAX_481,Bacteria,Proteobacteria,Alphaproteobacteria,Puniceispirillales,Puniceispirillaceae,UBA5951,UBA5951 sp016779005
TAX_482,Bacteria,Proteobacteria,Alphaproteobacteria,Puniceispirillales,Puniceispirillaceae,UBA8309,UBA8309 sp002683535
TAX_483,Bacteria,Proteobacteria,Alphaproteobacteria,Puniceispirillales,Puniceispirillaceae,UBA8309,UBA8309 sp016780765
TAX_484,Bacteria,Proteobacteria,Alphaproteobacteria,Puniceispirillales,UBA1172,UBA12202,UBA12202 sp018701255
TAX_485,Bacteria,Proteobacteria,Alphaproteobacteria,Rhizobiales_B,MED-G09,MED-G09,MED-G09 sp002704345
TAX_486,Bacteria,Proteobacteria,Alphaproteobacteria,Rhizobiales_B,MED-G09,MED-G09,MED-G09 sp018658685
TAX_487,Bacteria,Proteobacteria,Alphaproteobacteria,Rhizobiales_B,TMED25,TMED25,TMED25 sp002168075
TAX_488,Bacteria,Proteobacteria,Alphaproteobacteria,Rhodobacterales,Rhodobacteraceae,Amylibacter,Amylibacter sp000153745
TAX_489,Bacteria,Proteobacteria,Alphaproteobacteria,Rhodobacterales,Rhodobacteraceae,Amylibacter,Amylibacter sp003447515
TAX_490,Bacteria,Proteobacteria,Alphaproteobacteria,Rhodobacterales,Rhodobacteraceae,Amylibacter,Amylibacter sp900197625
TAX_491,Bacteria,Proteobacteria,Alphaproteobacteria,Rhodobacterales,Rhodobacteraceae,Ascidiaceihabitans,Ascidiaceihabitans sp002478745
TAX_492,Bacteria,Proteobacteria,Alphaproteobacteria,Rhodobacterales,Rhodobacteraceae,Ascidiaceihabitans,Ascidiaceihabitans sp018647275
TAX_493,Bacteria,Proteobacteria,Alphaproteobacteria,Rhodobacterales,Rhodobacteraceae,Ascidiaceihabitans,Ascidiaceihabitans sp905182105
TAX_494,Bacteria,Proteobacteria,Alphaproteobacteria,Rhodobacterales,Rhodobacteraceae,CABZJG01,CABZJG01 sp002726375
TAX_495,Bacteria,Proteobacteria,Alphaproteobacteria,Rhodobacterales,Rhodobacteraceae,CABZJG01,CABZJG01 sp902512685
TAX_496,Bacteria,Proteobacteria,Alphaproteobacteria,Rhodobacterales,Rhodobacteraceae,CACIIZ01,CACIIZ01 sp002699695
TAX_497,Bacteria,Proteobacteria,Alphaproteobacteria,Rhodobacterales,Rhodobacteraceae,CACIIZ01,CACIIZ01 sp014239455
TAX_498,Bacteria,Proteobacteria,Alphaproteobacteria,Rhodobacterales,Rhodobacteraceae,CPC320,CPC320 sp002684375
TAX_499,Bacteria,Proteobacteria,Alphaproteobacteria,Rhodobacterales,Rhodobacteraceae,Dinoroseobacter,Dinoroseobacter sp013215265
TAX_500,Bacteria,Proteobacteria,Alphaproteobacteria,Rhodobacterales,Rhodobacteraceae,GCA-002712045,GCA-002712045 sp002683355
TAX_501,Bacteria,Proteobacteria,Alphaproteobacteria,Rhodobacterales,Rhodobacteraceae,GCA-002712045,GCA-002712045 sp002712045
TAX_502,Bacteria,Proteobacteria,Alphaproteobacteria,Rhodobacterales,Rhodobacteraceae,GCA-2697345,GCA-2697345 sp002697345
TAX_503,Bacteria,Proteobacteria,Alphaproteobacteria,Rhodobacterales,Rhodobacteraceae,HIMB11,HIMB11 sp009920225
TAX_504,Bacteria,Proteobacteria,Alphaproteobacteria,Rhodobacterales,Rhodobacteraceae,HTCC2150,HTCC2150 sp000169395
TAX_505,Bacteria,Proteobacteria,Alphaproteobacteria,Rhodobacterales,Rhodobacteraceae,LGRT01,LGRT01 sp001642945
TAX_506,Bacteria,Proteobacteria,Alphaproteobacteria,Rhodobacterales,Rhodobacteraceae,LGRT01,LGRT01 sp016778765
TAX_507,Bacteria,Proteobacteria,Alphaproteobacteria,Rhodobacterales,Rhodobacteraceae,Lentibacter,Lentibacter algarum
TAX_508,Bacteria,Proteobacteria,Alphaproteobacteria,Rhodobacterales,Rhodobacteraceae,MED-G52,MED-G52 sp002682975
TAX_509,Bacteria,Proteobacteria,Alphaproteobacteria,Rhodobacterales,Rhodobacteraceae,MED-G52,MED-G52 sp002711145
TAX_510,Bacteria,Proteobacteria,Alphaproteobacteria,Rhodobacterales,Rhodobacteraceae,MED-G52,MED-G52 sp003332035
TAX_511,Bacteria,Proteobacteria,Alphaproteobacteria,Rhodobacterales,Rhodobacteraceae,Octadecabacter,Octadecabacter sp018608045
TAX_512,Bacteria,Proteobacteria,Alphaproteobacteria,Rhodobacterales,Rhodobacteraceae,Planktomarina,Planktomarina sp002683685
TAX_513,Bacteria,Proteobacteria,Alphaproteobacteria,Rhodobacterales,Rhodobacteraceae,Planktomarina,Planktomarina sp002698165
TAX_514,Bacteria,Proteobacteria,Alphaproteobacteria,Rhodobacterales,Rhodobacteraceae,Planktomarina,Planktomarina sp016780825
TAX_515,Bacteria,Proteobacteria,Alphaproteobacteria,Rhodobacterales,Rhodobacteraceae,Planktomarina,Planktomarina sp905181815
TAX_516,Bacteria,Proteobacteria,Alphaproteobacteria,Rhodobacterales,Rhodobacteraceae,Planktomarina,Planktomarina temperata
TAX_517,Bacteria,Proteobacteria,Alphaproteobacteria,Rhodobacterales,Rhodobacteraceae,Planktotalea,Planktotalea sp000156115
TAX_518,Bacteria,Proteobacteria,Alphaproteobacteria,Rhodobacterales,Rhodobacteraceae,Planktotalea,Planktotalea sp018607995
TAX_519,Bacteria,Proteobacteria,Alphaproteobacteria,Rhodobacterales,Rhodobacteraceae,R2A62,R2A62 sp000161835
TAX_520,Bacteria,Proteobacteria,Alphaproteobacteria,Rhodobacterales,Rhodobacteraceae,Sulfitobacter,Sulfitobacter litoralis
TAX_521,Bacteria,Proteobacteria,Alphaproteobacteria,Rhodobacterales,Rhodobacteraceae,Sulfitobacter,Sulfitobacter pontiacus
TAX_522,Bacteria,Proteobacteria,Alphaproteobacteria,Rhodobacterales,Rhodobacteraceae,Sulfitobacter,Sulfitobacter sp001634775
TAX_523,Bacteria,Proteobacteria,Alphaproteobacteria,Rhodobacterales,Rhodobacteraceae,Sulfitobacter,Sulfitobacter sp002703405
TAX_524,Bacteria,Proteobacteria,Alphaproteobacteria,Rhodobacterales,Rhodobacteraceae,Tateyamaria,Tateyamaria sp003445215
TAX_525,Bacteria,Proteobacteria,Alphaproteobacteria,Rhodobacterales,Rhodobacteraceae,Tateyamaria,Tateyamaria sp018668195
TAX_526,Bacteria,Proteobacteria,Alphaproteobacteria,Rhodobacterales,Rhodobacteraceae,Tateyamaria,Tateyamaria sp900143535
TAX_527,Bacteria,Proteobacteria,Alphaproteobacteria,Rhodospirillales,Casp-alpha2,UBA3470,UBA3470 sp002378125
TAX_528,Bacteria,Proteobacteria,Alphaproteobacteria,Rhodospirillales,Casp-alpha2,UBA3470,UBA3470 sp018665815
TAX_529,Bacteria,Proteobacteria,Alphaproteobacteria,Rhodospirillales,UBA2165,TMED23,TMED23 sp016777585
TAX_530,Bacteria,Proteobacteria,Alphaproteobacteria,Sphingomonadales,Emcibacteraceae,UBA4441,UBA4441 sp002390425
TAX_531,Bacteria,Proteobacteria,Alphaproteobacteria,Sphingomonadales,Sphingomonadaceae,Qipengyuania,Qipengyuania citrea
TAX_532,Bacteria,Proteobacteria,Alphaproteobacteria,TMED109,TMED109,TMED109,TMED109 sp002684605
TAX_533,Bacteria,Proteobacteria,Alphaproteobacteria,Thalassobaculales,Thalassobaculaceae,UBA7326,UBA7326 sp002708305
TAX_534,Bacteria,Proteobacteria,Alphaproteobacteria,Thalassobaculales,Thalassobaculaceae,UBA7326,UBA7326 sp003212315
TAX_535,Bacteria,Proteobacteria,Alphaproteobacteria,Thalassobaculales,Thalassobaculaceae,UBA7326,UBA7326 sp003284265
TAX_536,Bacteria,Proteobacteria,Alphaproteobacteria,UBA7985,UBA7985,UBA7985,UBA7985 sp002705565
TAX_537,Bacteria,Proteobacteria,Alphaproteobacteria,UBA7985,UBA7985,UBA7985,UBA7985 sp905479265
TAX_538,Bacteria,Proteobacteria,Alphaproteobacteria,UBA8366,UBA8366,UBA6544,UBA6544 sp018665505
TAX_539,Bacteria,Proteobacteria,Gammaproteobacteria,Arenicellales,UBA868,GCA-2726415,GCA-2726415 sp014239255
TAX_540,Bacteria,Proteobacteria,Gammaproteobacteria,Arenicellales,UBA868,GCA-2726415,GCA-2726415 sp014239575
TAX_541,Bacteria,Proteobacteria,Gammaproteobacteria,Arenicellales,UBA868,GCA-2726415,GCA-2726415 sp018698075
TAX_542,Bacteria,Proteobacteria,Gammaproteobacteria,Arenicellales,UBA868,REDSEA-S09-B13,REDSEA-S09-B13 sp002456995
TAX_543,Bacteria,Proteobacteria,Gammaproteobacteria,Arenicellales,UBA868,REDSEA-S09-B13,REDSEA-S09-B13 sp002731295
TAX_544,Bacteria,Proteobacteria,Gammaproteobacteria,Arenicellales,UBA868,UBA11791,UBA11791 sp012960345
TAX_545,Bacteria,Proteobacteria,Gammaproteobacteria,Arenicellales,UBA868,UBA868,UBA868 sp002171735
TAX_546,Bacteria,Proteobacteria,Gammaproteobacteria,Arenicellales,UBA868,UBA868,UBA868 sp002295285
TAX_547,Bacteria,Proteobacteria,Gammaproteobacteria,Arenicellales,UBA868,UBA868,UBA868 sp016776875
TAX_548,Bacteria,Proteobacteria,Gammaproteobacteria,Arenicellales,UBA868,UBA868,UBA868 sp018661145
TAX_549,Bacteria,Proteobacteria,Gammaproteobacteria,Arenicellales,UBA868,UBA868,UBA868 sp018672825
TAX_550,Bacteria,Proteobacteria,Gammaproteobacteria,Burkholderiales,Methylophilaceae,BACL14,BACL14 sp905181685
TAX_551,Bacteria,Proteobacteria,Gammaproteobacteria,Burkholderiales,Nitrosomonadaceae,GCA-2721545,GCA-2721545 sp014237605
TAX_552,Bacteria,Proteobacteria,Gammaproteobacteria,Burkholderiales,UBA3031,UBA3031,UBA3031 sp905479505
TAX_553,Bacteria,Proteobacteria,Gammaproteobacteria,Enterobacterales,Alteromonadaceae,Alteromonas,Alteromonas lipotrueiana
TAX_554,Bacteria,Proteobacteria,Gammaproteobacteria,Enterobacterales,Alteromonadaceae,Alteromonas,Alteromonas mediterranea
TAX_555,Bacteria,Proteobacteria,Gammaproteobacteria,Enterobacterales,Alteromonadaceae,Alteromonas,Alteromonas naphthalenivorans
TAX_556,Bacteria,Proteobacteria,Gammaproteobacteria,Enterobacterales,Alteromonadaceae,Alteromonas,Alteromonas sp018100795
TAX_557,Bacteria,Proteobacteria,Gammaproteobacteria,Enterobacterales,Alteromonadaceae,Paraglaciecola,Paraglaciecola chathamensis
TAX_558,Bacteria,Proteobacteria,Gammaproteobacteria,Enterobacterales,Alteromonadaceae,Pseudoalteromonas,Pseudoalteromonas marina
TAX_559,Bacteria,Proteobacteria,Gammaproteobacteria,Enterobacterales,Alteromonadaceae,Pseudoalteromonas,Pseudoalteromonas undina
TAX_560,Bacteria,Proteobacteria,Gammaproteobacteria,Enterobacterales,Vibrionaceae,Vibrio,Vibrio sp000171815
TAX_561,Bacteria,Proteobacteria,Gammaproteobacteria,GCA-002705445,GCA-002705445,GCA-2705445,GCA-2705445 sp018674175
TAX_562,Bacteria,Proteobacteria,Gammaproteobacteria,GCA-002705445,GCA-002716945,GCA-2698665,GCA-2698665 sp018667355
TAX_563,Bacteria,Proteobacteria,Gammaproteobacteria,GCA-002705445,GCA-002716945,GCA-2698665,GCA-2698665 sp018670435
TAX_564,Bacteria,Proteobacteria,Gammaproteobacteria,PS1,Thioglobaceae,Pseudothioglobus,Pseudothioglobus singularis
TAX_565,Bacteria,Proteobacteria,Gammaproteobacteria,PS1,Thioglobaceae,Pseudothioglobus,Pseudothioglobus singularis_A
TAX_566,Bacteria,Proteobacteria,Gammaproteobacteria,PS1,Thioglobaceae,Pseudothioglobus,Pseudothioglobus sp000213395
TAX_567,Bacteria,Proteobacteria,Gammaproteobacteria,PS1,Thioglobaceae,Pseudothioglobus,Pseudothioglobus sp000372785
TAX_568,Bacteria,Proteobacteria,Gammaproteobacteria,PS1,Thioglobaceae,Pseudothioglobus,Pseudothioglobus sp002169705
TAX_569,Bacteria,Proteobacteria,Gammaproteobacteria,PS1,Thioglobaceae,Pseudothioglobus,Pseudothioglobus sp002698045
TAX_570,Bacteria,Proteobacteria,Gammaproteobacteria,PS1,Thioglobaceae,Pseudothioglobus,Pseudothioglobus sp002711905
TAX_571,Bacteria,Proteobacteria,Gammaproteobacteria,PS1,Thioglobaceae,Pseudothioglobus,Pseudothioglobus sp902509905
TAX_572,Bacteria,Proteobacteria,Gammaproteobacteria,PS1,Thioglobaceae,Pseudothioglobus,Pseudothioglobus sp902511025
TAX_573,Bacteria,Proteobacteria,Gammaproteobacteria,PS1,Thioglobaceae,Pseudothioglobus,Pseudothioglobus sp902512305
TAX_574,Bacteria,Proteobacteria,Gammaproteobacteria,PS1,Thioglobaceae,Pseudothioglobus,Pseudothioglobus sp902513495
TAX_575,Bacteria,Proteobacteria,Gammaproteobacteria,PS1,Thioglobaceae,Pseudothioglobus,Pseudothioglobus sp902606745
TAX_576,Bacteria,Proteobacteria,Gammaproteobacteria,Pseudomonadales,HTCC2089,UBA4421,UBA4421 sp002390555
TAX_577,Bacteria,Proteobacteria,Gammaproteobacteria,Pseudomonadales,HTCC2089,UBA4421,UBA4421 sp002684495
TAX_578,Bacteria,Proteobacteria,Gammaproteobacteria,Pseudomonadales,HTCC2089,UBA4421,UBA4421 sp002704225
TAX_579,Bacteria,Proteobacteria,Gammaproteobacteria,Pseudomonadales,HTCC2089,UBA4421,UBA4421 sp002704325
TAX_580,Bacteria,Proteobacteria,Gammaproteobacteria,Pseudomonadales,HTCC2089,UBA4421,UBA4421 sp002725095
TAX_581,Bacteria,Proteobacteria,Gammaproteobacteria,Pseudomonadales,HTCC2089,UBA4421,UBA4421 sp002726925
TAX_582,Bacteria,Proteobacteria,Gammaproteobacteria,Pseudomonadales,HTCC2089,UBA4421,UBA4421 sp009886205
TAX_583,Bacteria,Proteobacteria,Gammaproteobacteria,Pseudomonadales,HTCC2089,UBA4421,UBA4421 sp009936895
TAX_584,Bacteria,Proteobacteria,Gammaproteobacteria,Pseudomonadales,HTCC2089,UBA7455,UBA7455 sp003452295
TAX_585,Bacteria,Proteobacteria,Gammaproteobacteria,Pseudomonadales,HTCC2089,UBA9659,UBA9659 sp012961165
TAX_586,Bacteria,Proteobacteria,Gammaproteobacteria,Pseudomonadales,HTCC2089,UBA9659,UBA9659 sp018645845
TAX_587,Bacteria,Proteobacteria,Gammaproteobacteria,Pseudomonadales,HTCC2089,UBA9659,UBA9659 sp018665025
TAX_588,Bacteria,Proteobacteria,Gammaproteobacteria,Pseudomonadales,HTCC2089,UBA9926,UBA9926 sp002689445
TAX_589,Bacteria,Proteobacteria,Gammaproteobacteria,Pseudomonadales,HTCC2089,UBA9926,UBA9926 sp002697205
TAX_590,Bacteria,Proteobacteria,Gammaproteobacteria,Pseudomonadales,HTCC2089,UBA9926,UBA9926 sp003451575
TAX_591,Bacteria,Proteobacteria,Gammaproteobacteria,Pseudomonadales,HTCC2089,UBA9926,UBA9926 sp018645765
TAX_592,Bacteria,Proteobacteria,Gammaproteobacteria,Pseudomonadales,HTCC2089,UBA9926,UBA9926 sp018647445
TAX_593,Bacteria,Proteobacteria,Gammaproteobacteria,Pseudomonadales,Halieaceae,Halioglobus,Halioglobus sp000156295
TAX_594,Bacteria,Proteobacteria,Gammaproteobacteria,Pseudomonadales,Halieaceae,Halioglobus,Halioglobus sp002862985
TAX_595,Bacteria,Proteobacteria,Gammaproteobacteria,Pseudomonadales,Halieaceae,Halioglobus,Halioglobus sp905480565
TAX_596,Bacteria,Proteobacteria,Gammaproteobacteria,Pseudomonadales,Halieaceae,Luminiphilus,Luminiphilus sp000169115
TAX_597,Bacteria,Proteobacteria,Gammaproteobacteria,Pseudomonadales,Halieaceae,Luminiphilus,Luminiphilus sp002390485
TAX_598,Bacteria,Proteobacteria,Gammaproteobacteria,Pseudomonadales,Halieaceae,Luminiphilus,Luminiphilus sp002683335
TAX_599,Bacteria,Proteobacteria,Gammaproteobacteria,Pseudomonadales,Halieaceae,Luminiphilus,Luminiphilus sp002683395
TAX_600,Bacteria,Proteobacteria,Gammaproteobacteria,Pseudomonadales,Halieaceae,Luminiphilus,Luminiphilus sp002689915
TAX_601,Bacteria,Proteobacteria,Gammaproteobacteria,Pseudomonadales,Halieaceae,Luminiphilus,Luminiphilus sp009886815
TAX_602,Bacteria,Proteobacteria,Gammaproteobacteria,Pseudomonadales,Halieaceae,Luminiphilus,Luminiphilus sp013911345
TAX_603,Bacteria,Proteobacteria,Gammaproteobacteria,Pseudomonadales,Halieaceae,Luminiphilus,Luminiphilus sp016779445
TAX_604,Bacteria,Proteobacteria,Gammaproteobacteria,Pseudomonadales,Halieaceae,Luminiphilus,Luminiphilus sp018222695
TAX_605,Bacteria,Proteobacteria,Gammaproteobacteria,Pseudomonadales,Halieaceae,Luminiphilus,Luminiphilus sp018666055
TAX_606,Bacteria,Proteobacteria,Gammaproteobacteria,Pseudomonadales,Halieaceae,Luminiphilus,Luminiphilus sp018666295
TAX_607,Bacteria,Proteobacteria,Gammaproteobacteria,Pseudomonadales,Halieaceae,Luminiphilus,Luminiphilus sp905182485
TAX_608,Bacteria,Proteobacteria,Gammaproteobacteria,Pseudomonadales,Halieaceae,Luminiphilus,Luminiphilus sp905478845
TAX_609,Bacteria,Proteobacteria,Gammaproteobacteria,Pseudomonadales,Halomonadaceae,Halomonas,Halomonas alkaliantarctica
TAX_610,Bacteria,Proteobacteria,Gammaproteobacteria,Pseudomonadales,Halomonadaceae,Halomonas,Halomonas aquamarina
TAX_611,Bacteria,Proteobacteria,Gammaproteobacteria,Pseudomonadales,Halomonadaceae,Halomonas,Halomonas glaciei
TAX_612,Bacteria,Proteobacteria,Gammaproteobacteria,Pseudomonadales,Halomonadaceae,Halomonas,Halomonas hamiltonii
TAX_613,Bacteria,Proteobacteria,Gammaproteobacteria,Pseudomonadales,Halomonadaceae,Halomonas,Halomonas lionensis
TAX_614,Bacteria,Proteobacteria,Gammaproteobacteria,Pseudomonadales,Halomonadaceae,Halomonas,Halomonas maris
TAX_615,Bacteria,Proteobacteria,Gammaproteobacteria,Pseudomonadales,Halomonadaceae,Halomonas,Halomonas piezotolerans
TAX_616,Bacteria,Proteobacteria,Gammaproteobacteria,Pseudomonadales,Halomonadaceae,Halomonas,Halomonas sp002366715
TAX_617,Bacteria,Proteobacteria,Gammaproteobacteria,Pseudomonadales,Halomonadaceae,Halomonas,Halomonas sp002696125
TAX_618,Bacteria,Proteobacteria,Gammaproteobacteria,Pseudomonadales,Halomonadaceae,Halomonas_C,Halomonas_C zincidurans
TAX_619,Bacteria,Proteobacteria,Gammaproteobacteria,Pseudomonadales,Moraxellaceae,Psychrobacter,Psychrobacter nivimaris_A
TAX_620,Bacteria,Proteobacteria,Gammaproteobacteria,Pseudomonadales,Moraxellaceae,Psychrobacter,Psychrobacter pacificensis
TAX_621,Bacteria,Proteobacteria,Gammaproteobacteria,Pseudomonadales,Moraxellaceae,Psychrobacter,Psychrobacter sp000511655
TAX_622,Bacteria,Proteobacteria,Gammaproteobacteria,Pseudomonadales,Nitrincolaceae,ASP10-02a,ASP10-02a sp018647765
TAX_623,Bacteria,Proteobacteria,Gammaproteobacteria,Pseudomonadales,Porticoccaceae,HTCC2207,HTCC2207 sp000153445
TAX_624,Bacteria,Proteobacteria,Gammaproteobacteria,Pseudomonadales,Porticoccaceae,HTCC2207,HTCC2207 sp002378645
TAX_625,Bacteria,Proteobacteria,Gammaproteobacteria,Pseudomonadales,Porticoccaceae,HTCC2207,HTCC2207 sp002457245
TAX_626,Bacteria,Proteobacteria,Gammaproteobacteria,Pseudomonadales,Porticoccaceae,HTCC2207,HTCC2207 sp002685195
TAX_627,Bacteria,Proteobacteria,Gammaproteobacteria,Pseudomonadales,Porticoccaceae,HTCC2207,HTCC2207 sp002685715
TAX_628,Bacteria,Proteobacteria,Gammaproteobacteria,Pseudomonadales,Porticoccaceae,HTCC2207,HTCC2207 sp003491845
TAX_629,Bacteria,Proteobacteria,Gammaproteobacteria,Pseudomonadales,Porticoccaceae,HTCC2207,HTCC2207 sp004211905
TAX_630,Bacteria,Proteobacteria,Gammaproteobacteria,Pseudomonadales,Porticoccaceae,HTCC2207,HTCC2207 sp018654575
TAX_631,Bacteria,Proteobacteria,Gammaproteobacteria,Pseudomonadales,Porticoccaceae,HTCC2207,HTCC2207 sp018664075
TAX_632,Bacteria,Proteobacteria,Gammaproteobacteria,Pseudomonadales,Porticoccaceae,Porticoccus,Porticoccus sp002390525
TAX_633,Bacteria,Proteobacteria,Gammaproteobacteria,Pseudomonadales,Pseudohongiellaceae,UBA9145,UBA9145 sp001438145
TAX_634,Bacteria,Proteobacteria,Gammaproteobacteria,Pseudomonadales,Pseudohongiellaceae,UBA9145,UBA9145 sp002457215
TAX_635,Bacteria,Proteobacteria,Gammaproteobacteria,Pseudomonadales,Pseudohongiellaceae,UBA9145,UBA9145 sp002684935
TAX_636,Bacteria,Proteobacteria,Gammaproteobacteria,Pseudomonadales,Pseudohongiellaceae,UBA9145,UBA9145 sp002700775
TAX_637,Bacteria,Proteobacteria,Gammaproteobacteria,Pseudomonadales,Pseudohongiellaceae,UBA9145,UBA9145 sp002712055
TAX_638,Bacteria,Proteobacteria,Gammaproteobacteria,Pseudomonadales,UBA7434,UBA7434,UBA7434 sp002339085
TAX_639,Bacteria,Proteobacteria,Gammaproteobacteria,Pseudomonadales,UBA7434,UBA7434,UBA7434 sp002726445
TAX_640,Bacteria,Proteobacteria,Gammaproteobacteria,Pseudomonadales,UBA7434,UBA7434,UBA7434 sp018668095
TAX_641,Bacteria,Proteobacteria,Gammaproteobacteria,SAR86,AG-339-G14,AG-339-G14,AG-339-G14 sp902522825
TAX_642,Bacteria,Proteobacteria,Gammaproteobacteria,SAR86,AG-339-G14,MEDG-81,MEDG-81 sp003331625
TAX_643,Bacteria,Proteobacteria,Gammaproteobacteria,SAR86,D2472,D2472,D2472 sp000307935
TAX_644,Bacteria,Proteobacteria,Gammaproteobacteria,SAR86,D2472,D2472,D2472 sp003283765
TAX_645,Bacteria,Proteobacteria,Gammaproteobacteria,SAR86,D2472,D2472,D2472 sp003284215
TAX_646,Bacteria,Proteobacteria,Gammaproteobacteria,SAR86,D2472,D2472,D2472 sp016779285
TAX_647,Bacteria,Proteobacteria,Gammaproteobacteria,SAR86,D2472,D2472,D2472 sp016779505
TAX_648,Bacteria,Proteobacteria,Gammaproteobacteria,SAR86,D2472,D2472,D2472 sp902509555
TAX_649,Bacteria,Proteobacteria,Gammaproteobacteria,SAR86,D2472,D2472,D2472 sp902511425
TAX_650,Bacteria,Proteobacteria,Gammaproteobacteria,SAR86,D2472,D2472,D2472 sp902511575
TAX_651,Bacteria,Proteobacteria,Gammaproteobacteria,SAR86,D2472,D2472,D2472 sp905181595
TAX_652,Bacteria,Proteobacteria,Gammaproteobacteria,SAR86,D2472,MED-G78,MED-G78 sp902509965
TAX_653,Bacteria,Proteobacteria,Gammaproteobacteria,SAR86,D2472,SCGC-AAA076-P13,SCGC-AAA076-P13 sp000384935
TAX_654,Bacteria,Proteobacteria,Gammaproteobacteria,SAR86,D2472,SCGC-AAA076-P13,SCGC-AAA076-P13 sp000385055
TAX_655,Bacteria,Proteobacteria,Gammaproteobacteria,SAR86,D2472,SCGC-AAA076-P13,SCGC-AAA076-P13 sp018607365
TAX_656,Bacteria,Proteobacteria,Gammaproteobacteria,SAR86,D2472,SCGC-AAA076-P13,SCGC-AAA076-P13 sp905478035
TAX_657,Bacteria,Proteobacteria,Gammaproteobacteria,SAR86,SAR86,AEGEAN-183,AEGEAN-183 sp001628005
TAX_658,Bacteria,Proteobacteria,Gammaproteobacteria,SAR86,SAR86,CAJJAM01,CAJJAM01 sp905182235
TAX_659,Bacteria,Proteobacteria,Gammaproteobacteria,SAR86,SAR86,GCA-2707915,GCA-2707915 sp016777005
TAX_660,Bacteria,Proteobacteria,Gammaproteobacteria,SAR86,SAR86,GCA-2730855,GCA-2730855 sp902514295
TAX_661,Bacteria,Proteobacteria,Gammaproteobacteria,SAR86,SAR86,GCA-2730855,GCA-2730855 sp902532675
TAX_662,Bacteria,Proteobacteria,Gammaproteobacteria,UBA11654,UBA11654,JABHDX01,JABHDX01 sp018672815
TAX_663,Bacteria,Proteobacteria,Gammaproteobacteria,UBA11654,UBA11654,UBA11654,UBA11654 sp002691305
TAX_664,Bacteria,Proteobacteria,Gammaproteobacteria,UBA4486,UBA4486,UBA11869,UBA11869 sp014239225
TAX_665,Bacteria,Proteobacteria,Gammaproteobacteria,UBA4575,UBA4575,UBA4575,UBA4575 sp002386945
TAX_666,Bacteria,Proteobacteria,Gammaproteobacteria,UBA4575,UBA4575,UBA4575,UBA4575 sp905479295
TAX_667,Bacteria,Proteobacteria,Gammaproteobacteria,Woeseiales,Woeseiaceae,SP4260,SP4260 sp003331585
TAX_668,Bacteria,Proteobacteria,Gammaproteobacteria,Woeseiales,Woeseiaceae,SP4260,SP4260 sp902510755
TAX_669,Bacteria,Proteobacteria,Gammaproteobacteria,Woeseiales,Woeseiaceae,SP4260,SP4260 sp902512585
TAX_670,Bacteria,SAR324,SAR324,SAR324,NAC60-12,Arctic96AD-7,Arctic96AD-7 sp002082305
TAX_671,Bacteria,SAR324,SAR324,SAR324,NAC60-12,Arctic96AD-7,Arctic96AD-7 sp002685535
TAX_672,Bacteria,SAR324,SAR324,SAR324,NAC60-12,Arctic96AD-7,Arctic96AD-7 sp002704555
TAX_673,Bacteria,SAR324,SAR324,SAR324,NAC60-12,Arctic96AD-7,Arctic96AD-7 sp018645085
TAX_674,Bacteria,SAR324,SAR324,SAR324,NAC60-12,Arctic96AD-7,Arctic96AD-7 sp902513935
TAX_675,Bacteria,SAR324,SAR324,SAR324,NAC60-12,Arctic96AD-7,Arctic96AD-7 sp905182865
TAX_676,Bacteria,SAR324,SAR324,SAR324,NAC60-12,JCVI-SCAAA005,JCVI-SCAAA005 sp002683655
TAX_677,Bacteria,Verrucomicrobiota,Lentisphaeria,Lentisphaerales,Lentisphaeraceae,Lentisphaera,Lentisphaera araneosa
TAX_678,Bacteria,Verrucomicrobiota,Verrucomicrobiae,Opitutales,DSM-45221,BACL24,BACL24 sp017857255
TAX_679,Bacteria,Verrucomicrobiota,Verrucomicrobiae,Opitutales,DSM-45221,BACL24,BACL24 sp018663485
TAX_680,Bacteria,Verrucomicrobiota,Verrucomicrobiae,Opitutales,DSM-45221,UBA7441,UBA7441 sp003331195
TAX_681,Bacteria,Verrucomicrobiota,Verrucomicrobiae,Opitutales,DSM-45221,UBA7441,UBA7441 sp009886465
TAX_682,Bacteria,Verrucomicrobiota,Verrucomicrobiae,Opitutales,DSM-45221,UBA7441,UBA7441 sp902587165
TAX_683,Bacteria,Verrucomicrobiota,Verrucomicrobiae,Opitutales,DSM-45221,UBA7441,UBA7441 sp905182465
TAX_684,Bacteria,Verrucomicrobiota,Verrucomicrobiae,Opitutales,JABJCN01,JABJCN01,JABJCN01 sp018668635
TAX_685,Bacteria,Verrucomicrobiota,Verrucomicrobiae,Opitutales,MB11C04,GCA-2730975,GCA-2730975 sp002730975
TAX_686,Bacteria,Verrucomicrobiota,Verrucomicrobiae,Opitutales,MB11C04,GCA-2730975,GCA-2730975 sp018695085
TAX_687,Bacteria,Verrucomicrobiota,Verrucomicrobiae,Opitutales,MB11C04,MB11C04,MB11C04 sp002477515
TAX_688,Bacteria,Verrucomicrobiota,Verrucomicrobiae,Opitutales,MB11C04,MB11C04,MB11C04 sp018607205
TAX_689,Bacteria,Verrucomicrobiota,Verrucomicrobiae,Opitutales,MB11C04,MB11C04,MB11C04 sp018645725
TAX_690,Bacteria,Verrucomicrobiota,Verrucomicrobiae,Opitutales,MB11C04,MB11C04,MB11C04 sp018646565
TAX_691,Bacteria,Verrucomicrobiota,Verrucomicrobiae,Opitutales,MB11C04,MB11C04,MB11C04 sp018675995
TAX_692,Bacteria,Verrucomicrobiota,Verrucomicrobiae,Opitutales,Opitutaceae,UBA5691,UBA5691 sp002420265
TAX_693,Bacteria,Verrucomicrobiota,Verrucomicrobiae,Opitutales,Opitutaceae,UBA5691,UBA5691 sp018700525
TAX_694,Bacteria,Verrucomicrobiota,Verrucomicrobiae,Pedosphaerales,AAA164-E04,AAA164-E04,AAA164-E04 sp000383715
TAX_695,Bacteria,Verrucomicrobiota,Verrucomicrobiae,Pedosphaerales,AAA164-E04,AAA164-E04,AAA164-E04 sp002690655
TAX_696,Bacteria,Verrucomicrobiota,Verrucomicrobiae,Pedosphaerales,UBA1096,UBA1096,UBA1096 sp002170545
TAX_697,Bacteria,Verrucomicrobiota,Verrucomicrobiae,Pedosphaerales,UBA1096,UBA1096,UBA1096 sp002299785
TAX_698,Bacteria,Verrucomicrobiota,Verrucomicrobiae,Pedosphaerales,UBA1096,UBA1096,UBA1096 sp015658765
TAX_699,Bacteria,Verrucomicrobiota,Verrucomicrobiae,Pedosphaerales,UBA1096,UBA1096,UBA1096 sp018674955
TAX_700,Bacteria,Verrucomicrobiota,Verrucomicrobiae,Pedosphaerales,UBA1100,JACNJL01,JACNJL01 sp014382585
TAX_701,Bacteria,Verrucomicrobiota,Verrucomicrobiae,Pedosphaerales,UBA1100,UBA1100,UBA1100 sp003517285
TAX_702,Bacteria,Verrucomicrobiota,Verrucomicrobiae,Pedosphaerales,UBA1100,UBA1100,UBA1100 sp011523245
TAX_703,Bacteria,Verrucomicrobiota,Verrucomicrobiae,Verrucomicrobiales,Akkermansiaceae,Roseibacillus_B,Roseibacillus_B sp002380675
TAX_704,Bacteria,Verrucomicrobiota,Verrucomicrobiae,Verrucomicrobiales,Akkermansiaceae,Roseibacillus_B,Roseibacillus_B sp002420305
TAX_705,Bacteria,Verrucomicrobiota,Verrucomicrobiae,Verrucomicrobiales,Akkermansiaceae,Roseibacillus_B,Roseibacillus_B sp002501065
TAX_706,Bacteria,Verrucomicrobiota,Verrucomicrobiae,Verrucomicrobiales,Akkermansiaceae,Roseibacillus_B,Roseibacillus_B sp002729275
TAX_707,Bacteria,Verrucomicrobiota,Verrucomicrobiae,Verrucomicrobiales,Akkermansiaceae,Roseibacillus_B,Roseibacillus_B sp014240355
TAX_708,Bacteria,Verrucomicrobiota,Verrucomicrobiae,Verrucomicrobiales,Akkermansiaceae,SW10,SW10 sp000383735
TAX_709,Bacteria,Verrucomicrobiota,Verrucomicrobiae,Verrucomicrobiales,Akkermansiaceae,SW10,SW10 sp002172625
TAX_710,Bacteria,Verrucomicrobiota,Verrucomicrobiae,Verrucomicrobiales,Akkermansiaceae,SW10,SW10 sp002323895
TAX_711,Bacteria,Verrucomicrobiota,Verrucomicrobiae,Verrucomicrobiales,Akkermansiaceae,SW10,SW10 sp002420315
TAX_712,Bacteria,Verrucomicrobiota,Verrucomicrobiae,Verrucomicrobiales,Akkermansiaceae,SW10,SW10 sp002729295
TAX_713,Bacteria,Verrucomicrobiota,Verrucomicrobiae,Verrucomicrobiales,Akkermansiaceae,SW10,SW10 sp018222765
TAX_714,Bacteria,Verrucomicrobiota,Verrucomicrobiae,Verrucomicrobiales,Akkermansiaceae,SW10,SW10 sp905181965
TAX_715,Bacteria,Verrucomicrobiota,Verrucomicrobiae,Verrucomicrobiales,DEV007,Arctic95D-9,Arctic95D-9 sp002726915
TAX_716,Bacteria,Verrucomicrobiota,Verrucomicrobiae,Verrucomicrobiales,DEV007,EC70,EC70 sp002705125
TAX_717,Bacteria,Verrucomicrobiota,Verrucomicrobiae,Verrucomicrobiales,DEV007,EC70,EC70 sp004211885
TAX_718,Bacteria,Verrucomicrobiota,Verrucomicrobiae,Verrucomicrobiales,DEV007,EC70,EC70 sp012960505
TAX_719,Bacteria,Verrucomicrobiota,Verrucomicrobiae,Verrucomicrobiales,DEV007,EC70,EC70 sp013213965
TAX_720,Bacteria,Verrucomicrobiota,Verrucomicrobiae,Verrucomicrobiales,DEV007,EC70,EC70 sp014239335
TAX_721,Bacteria,Verrucomicrobiota,Verrucomicrobiae,Verrucomicrobiales,DEV007,EC70,EC70 sp902510815
TAX_722,Bacteria,Verrucomicrobiota,Verrucomicrobiae,Verrucomicrobiales,DEV007,EC70,EC70 sp902591645
TAX_723,unassigned,Ochrophyta,Bolidophyceae,Bolidomonodales,Bolidomonoadaceae,Bolidomonas,Bolidomonas sp.
TAX_724,unassigned,Unknown,Unknown,unassigned,Unknown,Unidentifiedeukaryote,Unidentifiedeukaryote sp.
TAX_725,unclassified,,,,,,